order id,order url,order date,quantity,description,item url,price,subscribe & save,ASIN
112-6130053-7718647,https://www.amazon.com/your-orders/order-details?orderID=112-6130053-7718647&ref=ppx_yo2ov_dt_b_fed_order_details,2026-05-31,1,"T-Nut 1/4""-20,5/16""-18, 3/8""-16, (100 Pack) 4 Pronged Tee Nut Assortment Kit,for Rock Climbing Holds, Wood, Cabinetry, etc.",https://www.amazon.com/dp/B07R7Q41FB?ref_=ppx_hzod_title_dt_b_fed_asin_title_0_0,$11.99,0,B07R7Q41FB
112-7909266-6649840,https://www.amazon.com/your-orders/order-details?orderID=112-7909266-6649840&ref=ppx_yo2ov_dt_b_fed_order_details,2026-05-30,1,Victron MEGA Fuse 60A/80V (Package of 5 Pieces),https://www.amazon.com/dp/B0F9PKDGWD?ref_=ppx_hzod_title_dt_b_fed_asin_title_0_0,$46.75,0,B0F9PKDGWD
112-9758351-8817013,https://www.amazon.com/your-orders/order-details?orderID=112-9758351-8817013&ref=ppx_yo2ov_dt_b_fed_order_details,2026-05-30,1,"1/4-20 x 1 (25 Pack) Flat Head Hex Socket Cap Screws Bolts, Black Oxide 304 Stainless Steel 18-8, Hex Drive, Bright Finish, Fully Machine Thread",https://www.amazon.com/dp/B0D6LXTJV8?ref_=ppx_hzod_title_dt_b_fed_asin_title_0_0,$8.19,0,B0D6LXTJV8
112-4581582-9414624,https://www.amazon.com/your-orders/order-details?orderID=112-4581582-9414624&ref=ppx_yo2ov_dt_b_fed_order_details,2026-05-30,1,"Fgruh 480PCS M4 Screws Assortment Kit, M4x6/8/12/16/20/30 mm Hex Socket Head Cap Bolts, Nuts & Washers Set, 12.9 Grade Alloy Steel Black Zinc Plated M4 Screw Assorted Kit for 3D Printer, DIY, Repairs",https://www.amazon.com/dp/B0FGV8F6G7?ref_=ppx_hzod_title_dt_b_fed_asin_title_0_0,$9.99,0,B0FGV8F6G7
113-2820268-4677004,https://www.amazon.com/your-orders/order-details?orderID=113-2820268-4677004&ref=ppx_yo2ov_dt_b_fed_order_details,2026-05-28,1,"DEEAGLE Hitch Tightener Anti Rattle Stabilizer for 1.25"" to 2"" Trailer Hitches Reduce Movement On Hitch Mount Cargo Carrier Bike Rack Boat, RV Trailer Accessories",https://www.amazon.com/dp/B0C3C4F22V?ref_=ppx_hzod_title_dt_b_fed_asin_title_0_0,$9.87,0,B0C3C4F22V
112-1095392-2936246,https://www.amazon.com/your-orders/order-details?orderID=112-1095392-2936246&ref=ppx_yo2ov_dt_b_fed_order_details,2026-05-27,1,"MIKEDE 10 Pack Strong Neodymium Cup Magnets, 70Lbs+ Holding Force Heavy Duty Round Base Cup Magnets with Countersunk Hole, Powerful Industrial Strength Rare Earth Magnet with Screws for Wall Mounting",https://www.amazon.com/dp/B09ZV5K198?ref_=ppx_hzod_title_dt_b_fed_asin_title_0_0,$12.34,0,B09ZV5K198
112-1095392-2936246,https://www.amazon.com/your-orders/order-details?orderID=112-1095392-2936246&ref=ppx_yo2ov_dt_b_fed_order_details,2026-05-27,1,Victron Energy MK3-USB-C Interface – VE.Bus to USB-C Cable for GX Device Configuration,https://www.amazon.com/dp/B0BNBVKSTH?ref_=ppx_hzod_title_dt_b_fed_asin_title_0_1,$59.44,0,B0BNBVKSTH
112-1095392-2936246,https://www.amazon.com/your-orders/order-details?orderID=112-1095392-2936246&ref=ppx_yo2ov_dt_b_fed_order_details,2026-05-27,1,"Silicone Tubing, Home Brewing and Winemaking Silicone Tubing, 10mm(3/8 inch) ID x 13mm(1/2 inch) OD, 10 ft, High Temp Food Grade Tube, Flexible Hose Pipe with Stainless Worm Gear Hose Clamps",https://www.amazon.com/dp/B07MQK7SQH?ref_=ppx_hzod_title_dt_b_fed_asin_title_0_2,$10.99,0,B07MQK7SQH
112-1095392-2936246,https://www.amazon.com/your-orders/order-details?orderID=112-1095392-2936246&ref=ppx_yo2ov_dt_b_fed_order_details,2026-05-27,1,"TFNUO Magnetic Gun Mount for Car Truck, Gun Magnet for Pistol Shotgun Revolver, Gun Holder Rated Max Up to 15 LBS with Trigger Guard Protection Conceal in Desks Safes Walls Easy to Access & Release",https://www.amazon.com/dp/B0D53MGWSF?ref_=ppx_hzod_title_dt_b_fed_asin_title_0_3,$9.99,0,B0D53MGWSF
112-1095392-2936246,https://www.amazon.com/your-orders/order-details?orderID=112-1095392-2936246&ref=ppx_yo2ov_dt_b_fed_order_details,2026-05-27,1,"Victron Energy VE.Direct Cable, 5.90 ft",https://www.amazon.com/dp/B01CPWVTS2?ref_=ppx_hzod_title_dt_b_fed_asin_title_0_4,$16.31,0,B01CPWVTS2
112-1095392-2936246,https://www.amazon.com/your-orders/order-details?orderID=112-1095392-2936246&ref=ppx_yo2ov_dt_b_fed_order_details,2026-05-27,1,"Acegoo 118W 12V USB Outlet 100W Type-C Laptop Car Charger,18W QC3.0 USB-A Dual Port Fast Charging Socket, Replacement Car Charger Accessories for RV Camper Trailer Truck Boat Golf (1Pcs)",https://www.amazon.com/dp/B0FN7H6CR3?ref_=ppx_hzod_title_dt_b_fed_asin_title_0_5,$22.99,0,B0FN7H6CR3
112-1095392-2936246,https://www.amazon.com/your-orders/order-details?orderID=112-1095392-2936246&ref=ppx_yo2ov_dt_b_fed_order_details,2026-05-27,1,"Victron Energy VE.Direct Cable, 2.95 ft",https://www.amazon.com/dp/B01F9ESFZS?ref_=ppx_hzod_title_dt_b_fed_asin_title_0_6,$16.13,0,B01F9ESFZS
112-1095392-2936246,https://www.amazon.com/your-orders/order-details?orderID=112-1095392-2936246&ref=ppx_yo2ov_dt_b_fed_order_details,2026-05-27,1,"UGREEN Cat 8 Ethernet Cable 3FT, Flat High Speed 40Gbps 2000Mhz Internet Cable 26AWG Braided Network Cord RJ45 Shielded Indoor LAN Cables Compatible for Gaming PC PS5 Xbox Modem Router 3FT",https://www.amazon.com/dp/B08W1WF6ZS?ref_=ppx_hzod_title_dt_b_fed_asin_title_0_7,$5.99,0,B08W1WF6ZS
112-1095392-2936246,https://www.amazon.com/your-orders/order-details?orderID=112-1095392-2936246&ref=ppx_yo2ov_dt_b_fed_order_details,2026-05-27,1,"30 Pcs Universal Steel Weld Tabs, Weld on Shock Mount Bracket 1"" W, 2-3/8"" H, 3/8"" Hole, 1/8"" Thickness, Steel Gusset Welding Accessories",https://www.amazon.com/dp/B0FLX87Q7M?ref_=ppx_hzod_title_dt_b_fed_asin_title_1_0,$16.99,0,B0FLX87Q7M
113-6515092-1580205,https://www.amazon.com/your-orders/order-details?orderID=113-6515092-1580205&ref=ppx_yo2ov_dt_b_fed_order_details,2026-05-16,1,"Progressive Industries EMS-PT30X Portable RV Surge Protector, Black, 30 Amp",https://www.amazon.com/dp/B01N0W4CZ8?ref_=ppx_hzod_title_dt_b_fed_asin_title_0_0,$159.10,0,B01N0W4CZ8
113-6515092-1580205,https://www.amazon.com/your-orders/order-details?orderID=113-6515092-1580205&ref=ppx_yo2ov_dt_b_fed_order_details,2026-05-16,1,"Camco PowerGrip 25-Ft 30 Amp RV Extension Cord w/90° Locking End - Features NEMA TT-30P Male & Marine-Style L5-30R Locking Female Connectors - Rated for 125V/3,750W - 100% Copper 10-Gauge Wire (55524)",https://www.amazon.com/dp/B01N6T0ST0?ref_=ppx_hzod_title_dt_b_fed_asin_title_1_0,$54.99,0,B01N6T0ST0
113-6515092-1580205,https://www.amazon.com/your-orders/order-details?orderID=113-6515092-1580205&ref=ppx_yo2ov_dt_b_fed_order_details,2026-05-16,1,"Marine Wire 10 Gauge,10 AWG Marine Grade Wire,10/3 Triplex Boat Cable,10 Gauge Oxygen-Free Copper Cable for Automotive RV Boat Speaker Solar Outdoor - 20ft",https://www.amazon.com/dp/B0C49C66QR?ref_=ppx_hzod_title_dt_b_fed_asin_title_1_1,$43.99,0,B0C49C66QR
113-6515092-1580205,https://www.amazon.com/your-orders/order-details?orderID=113-6515092-1580205&ref=ppx_yo2ov_dt_b_fed_order_details,2026-05-16,1,"Mini Circuit Breaker UL489 Listed 30A C Curve 277VAC 60VDC 10kAIC DIN Rail Mount Non Polarized MCB Branch Circuit Protection, ControlGear CGMB1C30 (1 Pole C Trip 30 Amp)",https://www.amazon.com/dp/B0FBW196LK?ref_=ppx_hzod_title_dt_b_fed_asin_title_2_0,$22.99,0,B0FBW196LK
113-6515092-1580205,https://www.amazon.com/your-orders/order-details?orderID=113-6515092-1580205&ref=ppx_yo2ov_dt_b_fed_order_details,2026-05-16,1,"Sikaflex-221 Multi-Purpose Polyurethane Sealant/Adhesive, 10.1 fl oz, Black – Permanent Elastic Seal, Sandable & Paintable, Non-Corrosive, Bonds to Metal, Plastics & More",https://www.amazon.com/dp/B00NW5LWHA?ref_=ppx_hzod_title_dt_b_fed_asin_title_2_1,$13.70,0,B00NW5LWHA
113-6515092-1580205,https://www.amazon.com/your-orders/order-details?orderID=113-6515092-1580205&ref=ppx_yo2ov_dt_b_fed_order_details,2026-05-16,1,"CONEPY 12 Gauge Marine Wire, 12/3 Triplex Marine Grade Cable, IP68 Waterproof/Oxygen-Free Tinned Copper Stranded PVC 12 AWG Wire for Boat, Automotive, RV, Solar, LED Strips (30FT)",https://www.amazon.com/dp/B0DQY349JH?ref_=ppx_hzod_title_dt_b_fed_asin_title_2_2,$39.99,0,B0DQY349JH
113-6515092-1580205,https://www.amazon.com/your-orders/order-details?orderID=113-6515092-1580205&ref=ppx_yo2ov_dt_b_fed_order_details,2026-05-16,1,Camco Camper/RV Dogbone Electrical Adapter - Features 15-Amp Male (NEMA 5-15P) & 30-Amp Female (NEMA TT-30R) - Rated for 125 Volts/1875 Watts & Crafted w/Copper 10/3-Gauge Wires (55165),https://www.amazon.com/dp/B000BUU5YA?ref_=ppx_hzod_title_dt_b_fed_asin_title_2_3,$11.19,0,B000BUU5YA
113-6515092-1580205,https://www.amazon.com/your-orders/order-details?orderID=113-6515092-1580205&ref=ppx_yo2ov_dt_b_fed_order_details,2026-05-16,1,"Mollom 6 Way Power Distribution Box with Bus Bars and Din Rail for Miniature Circuit Breaker MCB, Waterproof IP66.Padlock Available for Indoor and Outdoor Use",https://www.amazon.com/dp/B09XJZ6WGT?ref_=ppx_hzod_title_dt_b_fed_asin_title_2_4,$22.99,0,B09XJZ6WGT
113-6515092-1580205,https://www.amazon.com/your-orders/order-details?orderID=113-6515092-1580205&ref=ppx_yo2ov_dt_b_fed_order_details,2026-05-16,1,"Preciva Ferrule Crimping Tool Kit with 1900PCS Wire Connectors, Hexagonal AWG23-10 Sawtooth Self-Adjustable Ratchet Wire Terminals Crimper Kit",https://www.amazon.com/dp/B07XBLGPCY?ref_=ppx_hzod_title_dt_b_fed_asin_title_2_5,$27.99,0,B07XBLGPCY
113-6515092-1580205,https://www.amazon.com/your-orders/order-details?orderID=113-6515092-1580205&ref=ppx_yo2ov_dt_b_fed_order_details,2026-05-16,1,"Bonsicoky 2Pcs Ground Bus Bar Terminal Block, Terminal Positions Wire Screw Terminal Brass Electrical Grounding Bars Block",https://www.amazon.com/dp/B097R5J66D?ref_=ppx_hzod_title_dt_b_fed_asin_title_2_6,$6.49,0,B097R5J66D
113-6515092-1580205,https://www.amazon.com/your-orders/order-details?orderID=113-6515092-1580205&ref=ppx_yo2ov_dt_b_fed_order_details,2026-05-16,1,"Nilight 30 AMP RV Shore Power Inlet 125V Twist Lock Receptacle NEMA L5-30P ETL Listed Enclosed Lockable Flanged Male Plug Inlet Box with Cover for RV Camper Caravan Motorhome Van, 2 Years Warranty",https://www.amazon.com/dp/B0CPSHZDF4?ref_=ppx_hzod_title_dt_b_fed_asin_title_2_7,$22.99,0,B0CPSHZDF4
113-6515092-1580205,https://www.amazon.com/your-orders/order-details?orderID=113-6515092-1580205&ref=ppx_yo2ov_dt_b_fed_order_details,2026-05-16,1,"Rhino USA Rapid Tire Deflators with Gauge (0-60psi) Automatic & Adjustable Tire Air Down Tool - Large 2"" Easy Read Glow Dial & Solid Brass Hardware - Best Offroad Deflator for Jeep, Truck or ATV",https://www.amazon.com/dp/B0941ZYVSC?ref_=ppx_hzod_title_dt_b_fed_asin_title_3_0,$24.90,0,B0941ZYVSC
113-6515092-1580205,https://www.amazon.com/your-orders/order-details?orderID=113-6515092-1580205&ref=ppx_yo2ov_dt_b_fed_order_details,2026-05-16,1,"Mini Circuit Breaker UL489 Listed 30A C Curve 277VAC 60VDC 10kAIC DIN Rail Mount Non Polarized MCB Branch Circuit Protection, ControlGear CGMB1C30 (1 Pole C Trip 30 Amp)",https://www.amazon.com/dp/B0FBW196LK?ref_=ppx_hzod_title_dt_b_fed_asin_title_4_0,$22.99,0,B0FBW196LK
113-6515092-1580205,https://www.amazon.com/your-orders/order-details?orderID=113-6515092-1580205&ref=ppx_yo2ov_dt_b_fed_order_details,2026-05-16,1,"Rvhouse Butyl Tape 3/4"" x 30 Ft Black – Non-Hardening Waterproof Sealant Tape for RV Window Glazing, Roof Leak Repair, Pipe Plumbing Fixtures & EPDM Roof Patching – Premium Butyl Caulk Tape (1 Pack)",https://www.amazon.com/dp/B0BMVJZ7RB?ref_=ppx_hzod_title_dt_b_fed_asin_title_4_1,$12.74,0,B0BMVJZ7RB
113-6515092-1580205,https://www.amazon.com/your-orders/order-details?orderID=113-6515092-1580205&ref=ppx_yo2ov_dt_b_fed_order_details,2026-05-16,1,"ELEGRP GFCI Outlet 20 Amp, Self-Test GFI Electrical Outlet with Thinner Design, TR Tamper Resistant GFCI Receptacle, Ground Fault Circuit Interrupters with Wall Plate, UL Listed, Matte Black, 2 Pack",https://www.amazon.com/dp/B0CJ9C4W63?ref_=ppx_hzod_title_dt_b_fed_asin_title_5_0,$24.99,0,B0CJ9C4W63
113-6515092-1580205,https://www.amazon.com/your-orders/order-details?orderID=113-6515092-1580205&ref=ppx_yo2ov_dt_b_fed_order_details,2026-05-16,2,"Mini Circuit Breaker UL489 Listed 20A C Curve 277VAC 60VDC 10kAIC DIN Rail Mount Non Polarized MCB Branch Circuit Protection, ControlGear CGMB1C20 (1 Pole C Trip 20 Amp)",https://www.amazon.com/dp/B0FBW9G8PZ?ref_=ppx_hzod_title_dt_b_fed_asin_title_5_1,$22.99,0,B0FBW9G8PZ
113-9112516-1399427,https://www.amazon.com/your-orders/order-details?orderID=113-9112516-1399427&ref=ppx_yo2ov_dt_b_fed_order_details,2026-04-21,1,Hiflofiltro HiFlo Motorcycle Air Filter for KTM 1190 1290 HFA6301,https://www.amazon.com/dp/B01AT2A08U?ref_=ppx_hzod_title_dt_b_fed_asin_title_0_0,$21.08,0,B01AT2A08U
113-0818640-2954607,https://www.amazon.com/your-orders/order-details?orderID=113-0818640-2954607&ref=ppx_yo2ov_dt_b_fed_order_details,2026-04-21,1,Motorex Power Synthetic 4T Motor Oil 10W-50 4 Liter,https://www.amazon.com/dp/B001GMAL0K?ref_=ppx_hzod_title_dt_b_fed_asin_title_0_0,$61.23,0,B001GMAL0K
113-0818640-2954607,https://www.amazon.com/your-orders/order-details?orderID=113-0818640-2954607&ref=ppx_yo2ov_dt_b_fed_order_details,2026-04-21,1,"K&N Motorcycle Oil Filter: High Performance, Premium, Designed to be used with Synthetic or Conventional Oils: Fits Select KTM, Husqvarna Vehicles, KN-650",https://www.amazon.com/dp/B07MWD8ZVJ?ref_=ppx_hzod_title_dt_b_fed_asin_title_1_0,$11.99,0,B07MWD8ZVJ
113-4961472-3797056,https://www.amazon.com/your-orders/order-details?orderID=113-4961472-3797056&ref=ppx_yo2ov_dt_b_fed_order_details,2026-04-07,1,"SEAFLO Water Pump Inline Strainer Filter (51S01) - 1/2"" NPSM Inlet/Outlet - RV Replacement- Compatible, Shurflo, and WFCO Pumps (2-Pack)",https://www.amazon.com/dp/B08WM2KX5Q?ref_=ppx_hzod_title_dt_b_fed_asin_title_0_0,$10.99,0,B08WM2KX5Q
113-3716060-1957037,https://www.amazon.com/your-orders/order-details?orderID=113-3716060-1957037&ref=ppx_yo2ov_dt_b_fed_order_details,2026-04-07,1,"EFIELD 1/2-inch PEX Pipe Plumbing Installation Kit: 1/2-Inch X 200 ft Pex-b Tubing (100 ft Red + 100ft Blue), 12 Pcs Pex Brass Fittings, Cinch Clamp Fastening Tool and 20 Pcs 1/2"" Clamps,(AB21530I)",https://www.amazon.com/dp/B0CL9J7FBN?ref_=ppx_hzod_title_dt_b_fed_asin_title_0_0,$97.50,0,B0CL9J7FBN
113-3716060-1957037,https://www.amazon.com/your-orders/order-details?orderID=113-3716060-1957037&ref=ppx_yo2ov_dt_b_fed_order_details,2026-04-07,1,"SHURFLO 4008-101-A65 New 3.0 GPM RV Water Pump Revolution, 12V",https://www.amazon.com/dp/B010TKMCEM?ref_=ppx_hzod_title_dt_b_fed_asin_title_1_0,$69.75,0,B010TKMCEM
113-3716060-1957037,https://www.amazon.com/your-orders/order-details?orderID=113-3716060-1957037&ref=ppx_yo2ov_dt_b_fed_order_details,2026-04-07,1,"DERNORD PVC Tubing 1/2""ID X 5/8""OD Flexible Clear Vinyl Hose 10 Feet for Food Grade",https://www.amazon.com/dp/B09KRB2YFJ?ref_=ppx_hzod_title_dt_b_fed_asin_title_1_1,$11.59,0,B09KRB2YFJ
113-3716060-1957037,https://www.amazon.com/your-orders/order-details?orderID=113-3716060-1957037&ref=ppx_yo2ov_dt_b_fed_order_details,2026-04-07,1,"Camco EvoFlex2 50-ft Drinking Water Hose - RV Drinking Water Hose Reinforced with Fabric & Ultra Lightweight - Contains No Lead, No BPA & No Phthalate - Abrasion Resistant (22579)",https://www.amazon.com/dp/B09Z6VPFWD?ref_=ppx_hzod_title_dt_b_fed_asin_title_1_2,$31.26,0,B09Z6VPFWD
113-3716060-1957037,https://www.amazon.com/your-orders/order-details?orderID=113-3716060-1957037&ref=ppx_yo2ov_dt_b_fed_order_details,2026-04-07,1,"F.S.P 1-1/2 Fill Hose for RV Concession Fresh Water Tank - Marine, Boats, Campers, Trailer, RVs, Concession (5 Feet) FSP-1.5 0",https://www.amazon.com/dp/B09ZLVQPFR?ref_=ppx_hzod_title_dt_b_fed_asin_title_2_0,$23.99,0,B09ZLVQPFR
113-3716060-1957037,https://www.amazon.com/your-orders/order-details?orderID=113-3716060-1957037&ref=ppx_yo2ov_dt_b_fed_order_details,2026-04-07,1,IZTOR RV Fresh Water Inlet Replacement Hatch Gravity Water Inlet Filler Cap with 2 Keys for RV Tanks Caravan Camper Trailer Motorhomes Parts (Black),https://www.amazon.com/dp/B0B496W3BB?ref_=ppx_hzod_title_dt_b_fed_asin_title_3_0,$21.47,0,B0B496W3BB
113-3716060-1957037,https://www.amazon.com/your-orders/order-details?orderID=113-3716060-1957037&ref=ppx_yo2ov_dt_b_fed_order_details,2026-04-07,1,"BobbleT 1FT RV Water Hose, Premium Drinking Water Hose - Lead-Free, Anti-Kink, Leak-Proof, 3/8” Inner Diameter Short Connector for RV, Camper, Trailer, Vanlife & Marine Outdoor Use",https://www.amazon.com/dp/B0G4VPNSND?ref_=ppx_hzod_title_dt_b_fed_asin_title_3_1,$9.49,0,B0G4VPNSND
113-3716060-1957037,https://www.amazon.com/your-orders/order-details?orderID=113-3716060-1957037&ref=ppx_yo2ov_dt_b_fed_order_details,2026-04-07,1,"Hooshing 4PCS 1/2"" Pex Ball Valve Brass Full Port Shut Off Valve Quarter Turn HOT (RED) COLD (BLUE) of Water Stop Shut Off Valves Pex Fittings",https://www.amazon.com/dp/B0CNP58ZJ8?ref_=ppx_hzod_title_dt_b_fed_asin_title_3_2,$16.99,0,B0CNP58ZJ8
113-3716060-1957037,https://www.amazon.com/your-orders/order-details?orderID=113-3716060-1957037&ref=ppx_yo2ov_dt_b_fed_order_details,2026-04-07,1,"Lifefilter RV Inline Water Filter with Flexible Hose Protector, NSF Certified, Reduces Chlorine, Bad Taste, Odor for RVs and Marines, Drinking, Washing Filter, Dedicated for RVs, 2 Pack",https://www.amazon.com/dp/B0933CLY8H?ref_=ppx_hzod_title_dt_b_fed_asin_title_3_3,$24.99,0,B0933CLY8H
113-3716060-1957037,https://www.amazon.com/your-orders/order-details?orderID=113-3716060-1957037&ref=ppx_yo2ov_dt_b_fed_order_details,2026-04-07,1,"G-Sunny Stainless Steel RV Water Tank Filler with Shutoff Valve - Quickly and Efficiently Fills Fresh Water Tanks, 3/4"" Valve, Sturdy for Camper Trailer RV Accessories (Water Fill Adapter)",https://www.amazon.com/dp/B0GKG4DW72?ref_=ppx_hzod_title_dt_b_fed_asin_title_4_0,$22.68,0,B0GKG4DW72
113-3716060-1957037,https://www.amazon.com/your-orders/order-details?orderID=113-3716060-1957037&ref=ppx_yo2ov_dt_b_fed_order_details,2026-04-07,2,RecPro RV Water Hose | 30 in. Braided PVC | Tool-Free Installation | Lead-Free,https://www.amazon.com/dp/B0CKBYYQQW?ref_=ppx_hzod_title_dt_b_fed_asin_title_4_1,$14.95,0,B0CKBYYQQW
113-3376563-7031414,https://www.amazon.com/your-orders/order-details?orderID=113-3376563-7031414&ref=ppx_yo2ov_dt_b_fed_order_details,2026-04-07,1,"SEAFLO Accumulator Tank Water Pump Flow Control with Internal Bladder - 125 PSI, 23.5 oz (0.75 L) | Reduces Pump Cycling and Smooths Water Flow for Marine, RV, and Off-Grid Systems",https://www.amazon.com/dp/B01MUYL8F8?ref_=ppx_hzod_title_dt_b_fed_asin_title_0_0,$35.99,0,B01MUYL8F8
113-7151046-5631402,https://www.amazon.com/your-orders/order-details?orderID=113-7151046-5631402&ref=ppx_yo2ov_dt_b_fed_order_details,2026-03-26,1,"ICECO APL55 Dual Zone Portable Refrigerator Freezer Bluetooth Controlled, 55 Liter 12v refrigerator with SECOP Compressor, DC 12/24V, AC 110-240V, for Truck, Car and Home, -4℉~68℉ (Black)",https://www.amazon.com/dp/B0BZV3787T?ref_=ppx_hzod_title_dt_b_fed_asin_title_0_0,$767.19,0,B0BZV3787T
113-6863436-1299467,https://www.amazon.com/your-orders/order-details?orderID=113-6863436-1299467&ref=ppx_yo2ov_dt_b_fed_order_details,2026-03-26,1,"DISEN 6PCS 90 Teeth Ratcheting Wrench Set Double Box End Flex Head with Gray Nickel Coated Ratchet Wrench Set with Organizer, 12 Point 4° Swing Arc, CR-V Steel, for Home Daily Use, Gift for Man",https://www.amazon.com/dp/B0CSMGXW6W?ref_=ppx_hzod_title_dt_b_fed_asin_title_0_0,$28.99,0,B0CSMGXW6W
113-8955945-6200221,https://www.amazon.com/your-orders/order-details?orderID=113-8955945-6200221&ref=ppx_yo2ov_dt_b_fed_order_details,2026-03-11,1,"coobeast 3/8 inch offset extension wrench Impact Ready Socket Wrench Extender Tool with Versatile 1/4"", 3/8"", and 1/2"" Square Drive Adapters, Universal Extensions Wrench for Small Place",https://www.amazon.com/dp/B0DQSBYY9P?ref_=ppx_hzod_title_dt_b_fed_asin_title_0_0,$26.99,0,B0DQSBYY9P
113-3457812-1831415,https://www.amazon.com/your-orders/order-details?orderID=113-3457812-1831415&ref=ppx_yo2ov_dt_b_fed_order_details,2026-03-11,1,"ALL-TOP Recovery Ring 66000 LBS Winch Snatch Towing Ring, Tackle Pulley System, Rope Retention Safety Strap Included, Red",https://www.amazon.com/dp/B0BGR4VK7M?ref_=ppx_hzod_title_dt_b_fed_asin_title_0_0,$25.99,0,B0BGR4VK7M
113-3457812-1831415,https://www.amazon.com/your-orders/order-details?orderID=113-3457812-1831415&ref=ppx_yo2ov_dt_b_fed_order_details,2026-03-11,1,"Upgraded Watt Power Meter Plug Home Electrical Usage Monitor Consumption, Energy Voltage Amps Kill Tester with Backlight, Overload Protection, 7 Modes Display",https://www.amazon.com/dp/B09BQNYMMM?ref_=ppx_hzod_title_dt_b_fed_asin_title_1_0,$11.99,0,B09BQNYMMM
113-3457812-1831415,https://www.amazon.com/your-orders/order-details?orderID=113-3457812-1831415&ref=ppx_yo2ov_dt_b_fed_order_details,2026-03-11,1,"YEALIFE Travel Bottles for Toiletries, TSA Approved 3.4oz Travel Size Containers, BPA Free Leak Proof Silicone Traveling Bottles, Refillable Travel Essentials Kits for Shampoo Conditioner(4 Pack)-A",https://www.amazon.com/dp/B0DHGCLVV8?ref_=ppx_hzod_title_dt_b_fed_asin_title_1_1,$8.99,0,B0DHGCLVV8
113-3457812-1831415,https://www.amazon.com/your-orders/order-details?orderID=113-3457812-1831415&ref=ppx_yo2ov_dt_b_fed_order_details,2026-03-11,1,"WOLFBOX MF200 Compressed Air Duster with Removable Battery & 4 Nozzles, Cordless 3-Speed Adjustable Mini Blower for Computer Keyboard, Car Cleaning, Home, and Outdoor Use",https://www.amazon.com/dp/B0FPMPBSLL?ref_=ppx_hzod_title_dt_b_fed_asin_title_1_2,$99.99,0,B0FPMPBSLL
113-0650137-8951416,https://www.amazon.com/your-orders/order-details?orderID=113-0650137-8951416&ref=ppx_yo2ov_dt_b_fed_order_details,2026-03-01,2,"Listerine Cool Mint Alcohol-Free Mild Mouthwash, Oral Rinse Kills 99.9% of Germs That Cause Bad Breath, Less Intense Taste, Mild Mint Flavor, 3.2 fl. oz",https://www.amazon.com/dp/B012O50Y0E?ref_=ppx_hzod_title_dt_b_fed_asin_title_0_0,$2.59,0,B012O50Y0E
112-2953174-5749044,https://www.amazon.com/your-orders/order-details?orderID=112-2953174-5749044&ref=ppx_yo2ov_dt_b_fed_order_details,2026-03-01,1,Mountain License Plate Frame Bracket (Chrome on Black),https://www.amazon.com/dp/B0C5F3P79X?ref_=ppx_hzod_title_dt_b_fed_asin_title_0_0,$11.99,0,B0C5F3P79X
113-4218394-0984203,https://www.amazon.com/your-orders/order-details?orderID=113-4218394-0984203&ref=ppx_yo2ov_dt_b_fed_order_details,2026-02-26,1,"TotalBoat Halcyon Water-Based Marine Varnish | Fast-Drying Polyurethane Wood Finish for Boats, Outdoor Furniture, and Woodworking | Clear Gloss, Pint",https://www.amazon.com/dp/B07SD89LZF?ref_=ppx_hzod_title_dt_b_fed_asin_title_0_0,$22.99,0,B07SD89LZF
113-2216097-9839431,https://www.amazon.com/your-orders/order-details?orderID=113-2216097-9839431&ref=ppx_yo2ov_dt_b_fed_order_details,2026-02-25,1,"Rust-Oleum 249279 Automotive Filler Primer Spray, 11 oz, Gray",https://www.amazon.com/dp/B003CT4AM0?ref_=ppx_hzod_title_dt_b_fed_asin_title_0_0,$7.97,0,B003CT4AM0
113-2216097-9839431,https://www.amazon.com/your-orders/order-details?orderID=113-2216097-9839431&ref=ppx_yo2ov_dt_b_fed_order_details,2026-02-25,1,"Glarks 120Pcs 5/16""-18 Grade 8 Coarse Thread Hex Bolts Nuts Screws Washers Assortment Kit, 4 Size 3/4"", 1"", 1-1/4"", 1-1/2"" Hex Head Cap Screws and Hex Nuts Flat Washers Lock Washers Set",https://www.amazon.com/dp/B09YXKCXBJ?ref_=ppx_hzod_title_dt_b_fed_asin_title_1_0,$14.99,0,B09YXKCXBJ
113-2216097-9839431,https://www.amazon.com/your-orders/order-details?orderID=113-2216097-9839431&ref=ppx_yo2ov_dt_b_fed_order_details,2026-02-25,1,"Multi-Grip Rivet Nut Installation Tool Set Pre-Bulbed Shank Flat Head Threaded Insert Nut Plus Nuts Assortment Kit Cross Rivnut for Construction Industrial (5/16-18(Plus Nut Tool-6pcs, Stainless))",https://www.amazon.com/dp/B0D9NJL6Z5?ref_=ppx_hzod_title_dt_b_fed_asin_title_2_0,$23.98,0,B0D9NJL6Z5
113-2216097-9839431,https://www.amazon.com/your-orders/order-details?orderID=113-2216097-9839431&ref=ppx_yo2ov_dt_b_fed_order_details,2026-02-25,1,"Multi-Grip Rivet Nut Installation Tool Set Pre-Bulbed Shank Flat Head Threaded Insert Nut Plus Nuts Assortment Kit Cross Rivnut for Construction Industrial (1/4-20(Plus Nut Tool-6pcs, Stainless))",https://www.amazon.com/dp/B0D9NLC1D2?ref_=ppx_hzod_title_dt_b_fed_asin_title_3_0,$22.98,0,B0D9NLC1D2
113-2216097-9839431,https://www.amazon.com/your-orders/order-details?orderID=113-2216097-9839431&ref=ppx_yo2ov_dt_b_fed_order_details,2026-02-25,1,"BNUOK 5/16-18 x 3/4 Inch Button Head Socket Cap Bolts Screws,304 Stainless Steel 18-8,Fully Threaded,Black Zinc Plated,with Hex Spanner(30Pcs)",https://www.amazon.com/dp/B0DHZVPM8Y?ref_=ppx_hzod_title_dt_b_fed_asin_title_3_1,$10.99,0,B0DHZVPM8Y
113-2216097-9839431,https://www.amazon.com/your-orders/order-details?orderID=113-2216097-9839431&ref=ppx_yo2ov_dt_b_fed_order_details,2026-02-25,1,"BNUOK 5/16-18 x 1/2 Inch Button Head Socket Cap Bolts Screws,304 Stainless Steel 18-8,Fully Threaded,Black Zinc Plated,with Hex Spanner(30Pcs)",https://www.amazon.com/dp/B0DHZTMXS4?ref_=ppx_hzod_title_dt_b_fed_asin_title_4_0,$8.99,0,B0DHZTMXS4
113-2216097-9839431,https://www.amazon.com/your-orders/order-details?orderID=113-2216097-9839431&ref=ppx_yo2ov_dt_b_fed_order_details,2026-02-25,1,Multi-Grip Rivet Nut Installation Tool Set Pre-Bulbed Shank Flat Head Threaded Insert Nut Plus Nuts Assortment Kit Cross Rivnut for Construction Industrial (5/16-18(Plus Nut-20pcs)),https://www.amazon.com/dp/B0D9NJ5TB6?ref_=ppx_hzod_title_dt_b_fed_asin_title_5_0,$12.98,0,B0D9NJ5TB6
113-2216097-9839431,https://www.amazon.com/your-orders/order-details?orderID=113-2216097-9839431&ref=ppx_yo2ov_dt_b_fed_order_details,2026-02-25,1,"VGBUY 25Pcs 5/16-18 x 1"" Button Head Socket Cap Bolts Screws, 304 Stainless Steel 18-8, Allen Hex Drive,Black Zinc Plated,Fully Threaded, Hex Spanner Included",https://www.amazon.com/dp/B0DFY7W14M?ref_=ppx_hzod_title_dt_b_fed_asin_title_6_0,$8.99,0,B0DFY7W14M
113-8925801-3188249,https://www.amazon.com/your-orders/order-details?orderID=113-8925801-3188249&ref=ppx_yo2ov_dt_b_fed_order_details,2026-02-25,1,"LF Bros 5KW 10L Split Pro Diesel Heater, 12V Diesel Air Parking Space Heater, Come with T4S LCD Controller, Remote, Timer, Plateau Mode and Thermostat. Suitable for Car, Trailer, RV, and Boat",https://www.amazon.com/dp/B0D66S5FJN?ref_=ppx_hzod_title_dt_b_fed_asin_title_0_0,$349.99,0,B0D66S5FJN
113-8925801-3188249,https://www.amazon.com/your-orders/order-details?orderID=113-8925801-3188249&ref=ppx_yo2ov_dt_b_fed_order_details,2026-02-25,1,"Victron Energy Smart Battery Shunt - Battery Monitor (Bluetooth) - Victron Smart Shunt with Detailed in-app Insights - 6.5V-70V, 300 amp",https://www.amazon.com/dp/B0DJ2P2XN5?ref_=ppx_hzod_title_dt_b_fed_asin_title_1_0,$70.24,0,B0DJ2P2XN5
113-8925801-3188249,https://www.amazon.com/your-orders/order-details?orderID=113-8925801-3188249&ref=ppx_yo2ov_dt_b_fed_order_details,2026-02-25,1,Victron Energy Cerbo GX MK2,https://www.amazon.com/dp/B0D6LVZWGX?ref_=ppx_hzod_title_dt_b_fed_asin_title_2_0,$242.10,0,B0D6LVZWGX
113-9779488-8313006,https://www.amazon.com/your-orders/order-details?orderID=113-9779488-8313006&ref=ppx_yo2ov_dt_b_fed_order_details,2026-02-24,2,ChaoDong 2PCS PEC SBFW-L M6 30A Bolt Type Slow Blow Fuse 58VDC MIDI FUSES Centre Bolt,https://www.amazon.com/dp/B0GDZPMPZ6?ref_=ppx_hzod_title_dt_b_fed_asin_title_0_0,$5.99,0,B0GDZPMPZ6
113-9023263-1456208,https://www.amazon.com/your-orders/order-details?orderID=113-9023263-1456208&ref=ppx_yo2ov_dt_b_fed_order_details,2026-02-24,1,"TEMCo 2/0 Gauge AWG 25 Ft Black + 25 Ft Red Flexible Pure Copper Made in USA Welding Cable Battery Wire - Heavy Duty Solar, Inverter, Car, RV, Truck",https://www.amazon.com/dp/B00LIB6PF4?ref_=ppx_hzod_title_dt_b_fed_asin_title_0_0,$237.75,0,B00LIB6PF4
113-9023263-1456208,https://www.amazon.com/your-orders/order-details?orderID=113-9023263-1456208&ref=ppx_yo2ov_dt_b_fed_order_details,2026-02-24,1,"Kofelec Mega High Current Fuse, ANM 40A Amp, up to 58V DC, Use for Cars Trucks Buses or Audio Systems, Pack of 3 (40A)",https://www.amazon.com/dp/B0C4FWRVLW?ref_=ppx_hzod_title_dt_b_fed_asin_title_1_0,$6.64,0,B0C4FWRVLW
113-9023263-1456208,https://www.amazon.com/your-orders/order-details?orderID=113-9023263-1456208&ref=ppx_yo2ov_dt_b_fed_order_details,2026-02-24,1,"Hiceeden Adjustable Pocket Hole Jig Kit, Aluminum Alloy Pocket Screw Jig Tools Set with 15 Degree Joint Angle, Portable 3/8 Inch Hole System for Woodworking Hole Drill Guide, Red",https://www.amazon.com/dp/B0F9KKSGBD?ref_=ppx_hzod_title_dt_b_fed_asin_title_2_0,$22.99,0,B0F9KKSGBD
113-9023263-1456208,https://www.amazon.com/your-orders/order-details?orderID=113-9023263-1456208&ref=ppx_yo2ov_dt_b_fed_order_details,2026-02-24,1,"Kofelec Mega High Current Fuse, ANM 40A Amp, up to 58V DC, Use for Cars Trucks Buses or Audio Systems, Pack of 3 (40A)",https://www.amazon.com/dp/B0C4FWRVLW?ref_=ppx_hzod_title_dt_b_fed_asin_title_2_1,$6.64,0,B0C4FWRVLW
113-9023263-1456208,https://www.amazon.com/your-orders/order-details?orderID=113-9023263-1456208&ref=ppx_yo2ov_dt_b_fed_order_details,2026-02-24,1,"EVEO Cable Hider Wall 306” - Cable Raceway Cord Hider - Wire Covers for Cords on Wall, Cord Cover, Wall Cable Hider, Cable Concealer, Wire Hiders for TV on Wall - 20X (L16 W0.95 H0.5) - Medium | Black",https://www.amazon.com/dp/B097LQ8XVB?ref_=ppx_hzod_title_dt_b_fed_asin_title_2_2,$29.97,0,B097LQ8XVB
113-9023263-1456208,https://www.amazon.com/your-orders/order-details?orderID=113-9023263-1456208&ref=ppx_yo2ov_dt_b_fed_order_details,2026-02-24,1,"XHF 10PCS 6 AWG-5/16 Heavy Duty Battery Lugs with 3:1 Heat Shrink Tubing, Ring Terminals Battery Cable Ends Copper Eyelets Electrical Battery Connectors",https://www.amazon.com/dp/B0D1CHTVWR?ref_=ppx_hzod_title_dt_b_fed_asin_title_2_3,$6.79,0,B0D1CHTVWR
113-9023263-1456208,https://www.amazon.com/your-orders/order-details?orderID=113-9023263-1456208&ref=ppx_yo2ov_dt_b_fed_order_details,2026-02-24,1,"AOKLIT 100Pcs Multi-Grip Rivet-Nuts, 1/4-20 Rivet Nut Steel Pre-Bulbed Shank, Plus Nut Color Zinc Plated Flat Head Threaded Insert Nut",https://www.amazon.com/dp/B0D5B3K117?ref_=ppx_hzod_title_dt_b_fed_asin_title_2_4,$29.99,0,B0D5B3K117
113-9023263-1456208,https://www.amazon.com/your-orders/order-details?orderID=113-9023263-1456208&ref=ppx_yo2ov_dt_b_fed_order_details,2026-02-24,1,"TEMCo 2/0 Gauge AWG 10 Ft Black + 10 Ft Red Flexible Pure Copper Made in USA Welding Cable Battery Wire - Heavy Duty Solar, Inverter, Car, RV, Truck",https://www.amazon.com/dp/B00LIB6NJM?ref_=ppx_hzod_title_dt_b_fed_asin_title_2_5,$105.02,0,B00LIB6NJM
113-9023263-1456208,https://www.amazon.com/your-orders/order-details?orderID=113-9023263-1456208&ref=ppx_yo2ov_dt_b_fed_order_details,2026-02-24,1,BOJACK 100 Amp 32 VDC ANL Blade Fuse for car Audio and Video System(Pack of 3),https://www.amazon.com/dp/B092J26VW8?ref_=ppx_hzod_title_dt_b_fed_asin_title_2_6,$6.99,0,B092J26VW8
113-9023263-1456208,https://www.amazon.com/your-orders/order-details?orderID=113-9023263-1456208&ref=ppx_yo2ov_dt_b_fed_order_details,2026-02-24,1,"8 Pack Cord Organizer Holder,Costop Strong Adhesive Desk Cable Management Magnetic Easy Open,Organize Phone Charging Cords Wire Holder Organizer Neatly for Home,Office,Car,Desk,Nightstand",https://www.amazon.com/dp/B0CBRK59J7?ref_=ppx_hzod_title_dt_b_fed_asin_title_2_7,$7.99,0,B0CBRK59J7
113-9023263-1456208,https://www.amazon.com/your-orders/order-details?orderID=113-9023263-1456208&ref=ppx_yo2ov_dt_b_fed_order_details,2026-02-24,1,"Joinfworld 400A Bus Bar 12V Power Distribution Block with 4 x 3/8"" Studs 12 Volt Marine Copper Battery Busbar Terminal Block for Car, Boat, Automotive, RV, Solar Wiring - Negative&Positive",https://www.amazon.com/dp/B0D664KQ1P?ref_=ppx_hzod_title_dt_b_fed_asin_title_2_8,$47.98,0,B0D664KQ1P
113-9023263-1456208,https://www.amazon.com/your-orders/order-details?orderID=113-9023263-1456208&ref=ppx_yo2ov_dt_b_fed_order_details,2026-02-24,1,"Milescraft 5200 Pocket Screw Kit- 700 Pieces T20 Pocket Hole Zinc Coated Screw Kit with 6 sizes of screws, 3in and 6in T20 Torx Drivers Included- All Screws needed for Pocket Hole",https://www.amazon.com/dp/B06XYX8CFV?ref_=ppx_hzod_title_dt_b_fed_asin_title_2_9,$24.99,0,B06XYX8CFV
113-9023263-1456208,https://www.amazon.com/your-orders/order-details?orderID=113-9023263-1456208&ref=ppx_yo2ov_dt_b_fed_order_details,2026-02-24,1,Victron Energy Battery Switch ON/Off 275 amp,https://www.amazon.com/dp/B095X94JXF?ref_=ppx_hzod_title_dt_b_fed_asin_title_2_10,$34.85,0,B095X94JXF
113-9023263-1456208,https://www.amazon.com/your-orders/order-details?orderID=113-9023263-1456208&ref=ppx_yo2ov_dt_b_fed_order_details,2026-02-24,1,"Cable Gland Waterproof,LISTENJIALE 50 pcs Adjustable 3-16mm Waterproof Cable Connectors PG7 PG9 PG11 PG13.5 PG16 PG19 Plastic Cable Gland Joints with Gaskets in PP Box(Black)",https://www.amazon.com/dp/B09Z24H77M?ref_=ppx_hzod_title_dt_b_fed_asin_title_2_11,$12.99,0,B09Z24H77M
113-9023263-1456208,https://www.amazon.com/your-orders/order-details?orderID=113-9023263-1456208&ref=ppx_yo2ov_dt_b_fed_order_details,2026-02-24,1,"Amazon Basics Teeth Whitening Mouthwash, Alcohol-Free, Clean Mint, Breath Freshener, 32 Fluid Ounces, 1-Pack (Previously Solimo)",https://www.amazon.com/dp/B09HHGW5C2?ref_=ppx_hzod_title_dt_b_fed_asin_title_2_12,$5.62,0,B09HHGW5C2
113-9023263-1456208,https://www.amazon.com/your-orders/order-details?orderID=113-9023263-1456208&ref=ppx_yo2ov_dt_b_fed_order_details,2026-02-24,1,"14 Gauge Marine Wire 14 AWG Duplex Marine Grade Wire,50ft Tinned Copper Heavy Duty Sheathed Electrical Cable for Boat/Automotive/RV/Camper/Trailer",https://www.amazon.com/dp/B0B6HVSM9S?ref_=ppx_hzod_title_dt_b_fed_asin_title_2_13,$29.91,0,B0B6HVSM9S
113-9023263-1456208,https://www.amazon.com/your-orders/order-details?orderID=113-9023263-1456208&ref=ppx_yo2ov_dt_b_fed_order_details,2026-02-24,1,"YUZES 9.5 inch Cable Cutter, Heavy Duty Wire Cutter High Leverage for Aluminum, Copper, Wire, Communications Cable, Cuts up to 2/0 Wire - Cable Cutting Tool with Ergonomic Grip",https://www.amazon.com/dp/B0FG7MZ5ZJ?ref_=ppx_hzod_title_dt_b_fed_asin_title_2_14,$9.99,0,B0FG7MZ5ZJ
113-9023263-1456208,https://www.amazon.com/your-orders/order-details?orderID=113-9023263-1456208&ref=ppx_yo2ov_dt_b_fed_order_details,2026-02-24,1,"MOTORHEAD 10-Inch 0° - 180° SMART DIGITAL Level, LCD Screen, Audible Alerts, Water, Dust & Shock Resistant, Magnetic Bottom, Includes Bag, High-Visibility, Solid-Milled Aluminum, USA-Based Support",https://www.amazon.com/dp/B07SGWQ5C3?ref_=ppx_hzod_title_dt_b_fed_asin_title_2_15,$30.37,0,B07SGWQ5C3
113-9023263-1456208,https://www.amazon.com/your-orders/order-details?orderID=113-9023263-1456208&ref=ppx_yo2ov_dt_b_fed_order_details,2026-02-24,1,"Vifmy 110 Pack 1/4""-20 Inch Lock Nuts,304 (A2-70) Stainless Steel Nylon Insert Locknuts,Standard Inch Thread Nylock Nuts",https://www.amazon.com/dp/B0CPHRTWCJ?ref_=ppx_hzod_title_dt_b_fed_asin_title_2_16,$9.99,0,B0CPHRTWCJ
113-9023263-1456208,https://www.amazon.com/your-orders/order-details?orderID=113-9023263-1456208&ref=ppx_yo2ov_dt_b_fed_order_details,2026-02-24,1,"Victron Energy SmartSolar MPPT Solar Charge Controller (Bluetooth) - Charge Controllers for Solar Panels - 150V, 45 amp, 12/24/36/48-Volt",https://www.amazon.com/dp/B09KF94CJH?ref_=ppx_hzod_title_dt_b_fed_asin_title_3_0,$206.55,0,B09KF94CJH
113-9023263-1456208,https://www.amazon.com/your-orders/order-details?orderID=113-9023263-1456208&ref=ppx_yo2ov_dt_b_fed_order_details,2026-02-24,1,LM YN 50 Watt 100 Ohm 5% Wirewound Resistor Electronic Aluminium Shell Resistors Gold (Pack of 2),https://www.amazon.com/dp/B071P23MPX?ref_=ppx_hzod_title_dt_b_fed_asin_title_4_0,$7.49,0,B071P23MPX
113-9023263-1456208,https://www.amazon.com/your-orders/order-details?orderID=113-9023263-1456208&ref=ppx_yo2ov_dt_b_fed_order_details,2026-02-24,2,"Mandark MEGA/AMG Fuse, 3PCS 60 Amp 58V High Current Protection Bolt Down Car Fuse, Automotive Maintenance Accessories, Compatible with Trucks Construction Vehicles Buses",https://www.amazon.com/dp/B0FHVTTMFT?ref_=ppx_hzod_title_dt_b_fed_asin_title_5_0,$4.99,0,B0FHVTTMFT
113-9023263-1456208,https://www.amazon.com/your-orders/order-details?orderID=113-9023263-1456208&ref=ppx_yo2ov_dt_b_fed_order_details,2026-02-24,1,Victron Energy Lynx Distributor - Modular M10 DC Bus Bar with 4 Fuses,https://www.amazon.com/dp/B0CWYX4WSH?ref_=ppx_hzod_title_dt_b_fed_asin_title_6_0,$211.65,0,B0CWYX4WSH
113-9023263-1456208,https://www.amazon.com/your-orders/order-details?orderID=113-9023263-1456208&ref=ppx_yo2ov_dt_b_fed_order_details,2026-02-24,1,"Shirbly 4 Gauge Battery Cable, 5FT Red + 5FT Black 4 AWG Pure Copper Wire Welding Cable, for Automotive, Battery, Solar and Generator, Standard USA OFC Wire",https://www.amazon.com/dp/B0CDLKZ4R1?ref_=ppx_hzod_title_dt_b_fed_asin_title_6_1,$26.99,0,B0CDLKZ4R1
113-9023263-1456208,https://www.amazon.com/your-orders/order-details?orderID=113-9023263-1456208&ref=ppx_yo2ov_dt_b_fed_order_details,2026-02-24,1,"RED WOLF 2/0 AWG 3/8"" Battery Cable Lug 20 PCS w/3:1 Heat Shrink Tubing for Wiring Insulation Black Red 20 PCS for Automotive Electrical 00 Gauge Wire Copper Lug Marine Grade M10 Ring Terminal Ends",https://www.amazon.com/dp/B0DWRV5ZLM?ref_=ppx_hzod_title_dt_b_fed_asin_title_6_2,$25.99,0,B0DWRV5ZLM
113-9023263-1456208,https://www.amazon.com/your-orders/order-details?orderID=113-9023263-1456208&ref=ppx_yo2ov_dt_b_fed_order_details,2026-02-24,1,"10pcs 4 Awg - 5/16"" (M8) Sanuke Wire Lugs Ring Terminal Connectors Ends, Heavy Duty Wire Connectors Heavy Duty for Battery Cable Lug Wire Electrical Eyelets with 3:1 Dual Wall Adhesive Heat Shrink",https://www.amazon.com/dp/B092ZM6XY3?ref_=ppx_hzod_title_dt_b_fed_asin_title_7_0,$8.99,0,B092ZM6XY3
113-9023263-1456208,https://www.amazon.com/your-orders/order-details?orderID=113-9023263-1456208&ref=ppx_yo2ov_dt_b_fed_order_details,2026-02-24,1,"1/4 x 1 Inch 18-8(304) Stainless Steel Fender Washers, Black Zinc Plated Flat Washers for Screws and Bolts, 50 Pieces Large Repair Washers for Home and Industrial Use",https://www.amazon.com/dp/B0DP6HCB7J?ref_=ppx_hzod_title_dt_b_fed_asin_title_7_1,$6.89,0,B0DP6HCB7J
113-9023263-1456208,https://www.amazon.com/your-orders/order-details?orderID=113-9023263-1456208&ref=ppx_yo2ov_dt_b_fed_order_details,2026-02-24,1,"Fuse Block, 12v Fuse Box Holder with Led Indicator Waterproof Cover, Cyrico 12 Circuits Panel with Negative Bus for 12V/24V Automotive Car Truck Boat Marine Rv Trailer, 24 Pcs Blade Inserts",https://www.amazon.com/dp/B0C6Z49434?ref_=ppx_hzod_title_dt_b_fed_asin_title_8_0,$16.99,0,B0C6Z49434
113-9023263-1456208,https://www.amazon.com/your-orders/order-details?orderID=113-9023263-1456208&ref=ppx_yo2ov_dt_b_fed_order_details,2026-02-24,1,"Amazon Basics 5-Blade MotionSphere Men's Razor with Dual Lubrication and Precision Trimmer, 17 Piece Set, 1 Handle & 16 Cartridges, Black",https://www.amazon.com/dp/B07CZCQ481?ref_=ppx_hzod_title_dt_b_fed_asin_title_8_1,$20.06,0,B07CZCQ481
113-9023263-1456208,https://www.amazon.com/your-orders/order-details?orderID=113-9023263-1456208&ref=ppx_yo2ov_dt_b_fed_order_details,2026-02-24,1,"SYLVANIA - H11 XtraVision - High Performance Halogen Headlight Bulb, High Beam, Low Beam and Fog Replacement Bulb (Contains 2 Bulbs)",https://www.amazon.com/dp/B00318NQFY?ref_=ppx_hzod_title_dt_b_fed_asin_title_8_2,$32.75,0,B00318NQFY
113-9023263-1456208,https://www.amazon.com/your-orders/order-details?orderID=113-9023263-1456208&ref=ppx_yo2ov_dt_b_fed_order_details,2026-02-24,1,"TKDMR 10pcs 2/0 AWG-5/16 Battery Lugs,Heavy Duty Wire Lugs,Ring Terminals,Battery Cable Ends,0 Guage terminals,Battery Terminal Connectors with 10pcs 3:1 Heat Shrink Tubing",https://www.amazon.com/dp/B08R6VFF6B?ref_=ppx_hzod_title_dt_b_fed_asin_title_8_3,$13.93,0,B08R6VFF6B
113-9023263-1456208,https://www.amazon.com/your-orders/order-details?orderID=113-9023263-1456208&ref=ppx_yo2ov_dt_b_fed_order_details,2026-02-24,2,"Busieea 50 PCS 1/4"" Washers Flat, 7/10"" OD, Black Electroplated Flat Washers Made of Stainless Steel 18-8(304), Flat Washer for Decorating Parts",https://www.amazon.com/dp/B0DSZW4P45?ref_=ppx_hzod_title_dt_b_fed_asin_title_8_4,$3.99,0,B0DSZW4P45
113-9023263-1456208,https://www.amazon.com/your-orders/order-details?orderID=113-9023263-1456208&ref=ppx_yo2ov_dt_b_fed_order_details,2026-02-24,1,"Saker Woodworking Scriber Marking Line Ruler, Adjustable Aluminum Alloy Sliding T-Square Ruler,Precision Line Drawing aid Ruler with Angle Adjustment Scale",https://www.amazon.com/dp/B0D6V76JW9?ref_=ppx_hzod_title_dt_b_fed_asin_title_8_5,$26.99,0,B0D6V76JW9
113-9023263-1456208,https://www.amazon.com/your-orders/order-details?orderID=113-9023263-1456208&ref=ppx_yo2ov_dt_b_fed_order_details,2026-02-24,1,"1/4-20 x 1 (25 Pack) Flat Head Hex Socket Cap Screws Bolts, Black Oxide 304 Stainless Steel 18-8, Hex Drive, Bright Finish, Fully Machine Thread",https://www.amazon.com/dp/B0D6LXTJV8?ref_=ppx_hzod_title_dt_b_fed_asin_title_8_6,$8.19,0,B0D6LXTJV8
113-9023263-1456208,https://www.amazon.com/your-orders/order-details?orderID=113-9023263-1456208&ref=ppx_yo2ov_dt_b_fed_order_details,2026-02-24,1,"Millrose 70660 Monster Roll PTFE Thread Seal Tape, 1/2-Inch x 260-Inch, Blue",https://www.amazon.com/dp/B00K80KTR6?ref_=ppx_hzod_title_dt_b_fed_asin_title_8_7,$5.14,0,B00K80KTR6
113-9023263-1456208,https://www.amazon.com/your-orders/order-details?orderID=113-9023263-1456208&ref=ppx_yo2ov_dt_b_fed_order_details,2026-02-24,1,"Victron Energy MultiPlus-II Pure Sine Wave Inverter Charger for 35 amp Battery, 120V, 3000VA 48-Volt",https://www.amazon.com/dp/B0945S183W?ref_=ppx_hzod_title_dt_b_fed_asin_title_9_0,$937.55,0,B0945S183W
113-9023263-1456208,https://www.amazon.com/your-orders/order-details?orderID=113-9023263-1456208&ref=ppx_yo2ov_dt_b_fed_order_details,2026-02-24,1,BOJACK 0/2/4 Gauge AWG in Line ANL Fuse Holder with 100 Amp Fuse,https://www.amazon.com/dp/B0CSN37F69?ref_=ppx_hzod_title_dt_b_fed_asin_title_10_0,$9.99,0,B0CSN37F69
113-9023263-1456208,https://www.amazon.com/your-orders/order-details?orderID=113-9023263-1456208&ref=ppx_yo2ov_dt_b_fed_order_details,2026-02-24,1,"Brileine 10 Tons Hydraulic Crimping Tool with 9 Dies - Battery Cable Crimper Tool & Wire Rope Crimping Tool for 12 to 2/0 AWG, 1/16"" 1/8"" 3/16"" Stainless Steel Cable Railing Tool",https://www.amazon.com/dp/B0CQD4MSSG?ref_=ppx_hzod_title_dt_b_fed_asin_title_11_0,$39.99,0,B0CQD4MSSG
113-9023263-1456208,https://www.amazon.com/your-orders/order-details?orderID=113-9023263-1456208&ref=ppx_yo2ov_dt_b_fed_order_details,2026-02-24,1,"1/4-20 x 1-1/2"" (20 Pack) Flat Head Hex Socket Cap Screws Bolts, Black Oxide 304 Stainless Steel 18-8, Hex Drive, Bright Finish, Fully Machine Thread",https://www.amazon.com/dp/B0D6LVWXS3?ref_=ppx_hzod_title_dt_b_fed_asin_title_11_1,$9.19,0,B0D6LVWXS3
113-9023263-1456208,https://www.amazon.com/your-orders/order-details?orderID=113-9023263-1456208&ref=ppx_yo2ov_dt_b_fed_order_details,2026-02-24,1,"iGreely 6 Gauge 6 AWG Wire 10 Feet Black + 10 Feet Red Ultra Flexible Welding Battery Pure Copper Cable + 5pcs of 5/16"" & 5pcs 3/8"" Copper Cable Lug Terminal Connectors+Heat Shrink Tubing",https://www.amazon.com/dp/B0CFHFGHNX?ref_=ppx_hzod_title_dt_b_fed_asin_title_11_2,$37.99,0,B0CFHFGHNX
113-9023263-1456208,https://www.amazon.com/your-orders/order-details?orderID=113-9023263-1456208&ref=ppx_yo2ov_dt_b_fed_order_details,2026-02-24,3,"1/4-20 x 1-1/4"" (20 Pack) Flat Head Hex Socket Cap Screws Bolts, Black Oxide 304 Stainless Steel 18-8, Hex Drive, Bright Finish, Fully Machine Thread",https://www.amazon.com/dp/B0D6LV8TKD?ref_=ppx_hzod_title_dt_b_fed_asin_title_11_3,$8.99,0,B0D6LV8TKD
113-9023263-1456208,https://www.amazon.com/your-orders/order-details?orderID=113-9023263-1456208&ref=ppx_yo2ov_dt_b_fed_order_details,2026-02-24,1,BOJACK 150 Amp AMI/Midi Fuse Holders and High Current Bolt-on Midi Fuses 150A for Cars Trucks Vehicles (Pack of 2,https://www.amazon.com/dp/B0CK12891F?ref_=ppx_hzod_title_dt_b_fed_asin_title_11_4,$12.99,0,B0CK12891F
113-9023263-1456208,https://www.amazon.com/your-orders/order-details?orderID=113-9023263-1456208&ref=ppx_yo2ov_dt_b_fed_order_details,2026-02-24,1,"Battery Disconnect Switch Master, 12V-48V Waterproof Power Isolator On-Off Kill Switch 275Amps High Current for Car RV Marine Boat Truck ATV Vehicles",https://www.amazon.com/dp/B08FLXDBG6?ref_=ppx_hzod_title_dt_b_fed_asin_title_12_0,$12.97,0,B08FLXDBG6
113-9023263-1456208,https://www.amazon.com/your-orders/order-details?orderID=113-9023263-1456208&ref=ppx_yo2ov_dt_b_fed_order_details,2026-02-24,1,Victron Energy Fuse holder for MEGA-fuse,https://www.amazon.com/dp/B01LZ6WUPS?ref_=ppx_hzod_title_dt_b_fed_asin_title_12_1,$15.30,0,B01LZ6WUPS
113-3938651-7773808,https://www.amazon.com/your-orders/order-details?orderID=113-3938651-7773808&ref=ppx_yo2ov_dt_b_fed_order_details,2026-02-24,1,Sterling Power Battery to Battery Charger Optional Remote,https://www.amazon.com/dp/B0DYBKJ2FS?ref_=ppx_hzod_title_dt_b_fed_asin_title_0_0,$108.80,0,B0DYBKJ2FS
113-2163883-3359434,https://www.amazon.com/your-orders/order-details?orderID=113-2163883-3359434&ref=ppx_yo2ov_dt_b_fed_order_details,2026-02-24,1,"12V 100Ah Lithium Battery,LiFePO4 Battery Built-in 100A BMS Protect,Group 31 Deep Cycle Portable Power,Lithium Iron Phosphate Battery for Trolling Motors,Yacht, Marine,RV, Home Energy (1 Pack-100Ah)",https://www.amazon.com/dp/B0FPFSJT8P?ref_=ppx_hzod_title_dt_b_fed_asin_title_0_0,$119.99,0,B0FPFSJT8P
113-2135832-5862625,https://www.amazon.com/your-orders/order-details?orderID=113-2135832-5862625&ref=ppx_yo2ov_dt_b_fed_order_details,2026-02-24,1,Victron Energy Orion-Tr Smart DC to DC Charger (Bluetooth) - 48/12-Volt 30 amp 360-Watt - Battery Charger for Dual Battery Systems - Isolated,https://www.amazon.com/dp/B0FLM3QG3H?ref_=ppx_hzod_title_dt_b_fed_asin_title_0_0,$243.95,0,B0FLM3QG3H
113-1991401-3758656,https://www.amazon.com/your-orders/order-details?orderID=113-1991401-3758656&ref=ppx_yo2ov_dt_b_fed_order_details,2026-02-24,3,"48V 100Ah Lifepo4 Golf Cart Lithium Battery, 200A BMS Low-Temp Protection 48 Volt Battery Support up to 5kW Motor 6000+ Deep Cycle Perfect for Golf Carts RV, and Off Grid Applications",https://www.amazon.com/dp/B0F7RDTQZZ?ref_=ppx_hzod_title_dt_b_fed_asin_title_0_0,$538.96,0,B0F7RDTQZZ
113-1218540-2594626,https://www.amazon.com/your-orders/order-details?orderID=113-1218540-2594626&ref=ppx_yo2ov_dt_b_fed_order_details,2026-02-24,1,Sterling Power Battery to Battery Charger 12V or 24 Input to 48V Output 120 amp DC Powered Charger,https://www.amazon.com/dp/B0DY9WVQ27?ref_=ppx_hzod_title_dt_b_fed_asin_title_0_0,$806.65,0,B0DY9WVQ27
112-2301130-8788220,https://www.amazon.com/your-orders/order-details?orderID=112-2301130-8788220&ref=ppx_yo2ov_dt_b_fed_order_details,2026-01-28,1,Prestone AS242 Windshield De-Icer - 11 oz. Aerosol 2 Pack,https://www.amazon.com/dp/B0030MTZ4M?ref_=ppx_hzod_title_dt_b_fed_asin_title_0_0,$15.73,0,B0030MTZ4M
112-4259563-2510653,https://www.amazon.com/your-orders/order-details?orderID=112-4259563-2510653&ref=ppx_yo2ov_dt_b_fed_order_details,2026-01-23,1,"Amazon Basics CR2032 Lithium Batteries, 4-Pack, Child-Proof Package, Non-Coated - AirTag Compatible",https://www.amazon.com/dp/B0787K2XWZ?ref_=ppx_hzod_title_dt_b_fed_asin_title_0_0,$4.99,0,B0787K2XWZ
113-6644048-4251410,https://www.amazon.com/your-orders/order-details?orderID=113-6644048-4251410&ref=ppx_yo2ov_dt_b_fed_order_details,2026-01-22,1,"B’laster Surface Shield Anti Rust Spray for Metal – Black Series Rust Prevention Spray for Tools, Equipment & Moving Parts – Long-Lasting Corrosion Protection with Lanolin-Based Formula – (Case of 6)",https://www.amazon.com/dp/B0DJHFJ472?ref_=ppx_hzod_title_dt_b_fed_asin_title_0_0,$68.98,0,B0DJHFJ472
113-5562756-0104264,https://www.amazon.com/your-orders/order-details?orderID=113-5562756-0104264&ref=ppx_yo2ov_dt_b_fed_order_details,2026-01-22,1,Alex Tech 25ft - 1/4 inch Split Wire Loom Tubing - Black,https://www.amazon.com/dp/B07TDGMDW4?ref_=ppx_hzod_title_dt_b_fed_asin_title_0_0,$9.99,0,B07TDGMDW4
113-5562756-0104264,https://www.amazon.com/your-orders/order-details?orderID=113-5562756-0104264&ref=ppx_yo2ov_dt_b_fed_order_details,2026-01-22,1,"WOLFBOX USB C 4A Acc Hardwire Kit 11.48ft for All WOLFBOX Dash Cams, Converting 12V-24V to 5V, with Battery Drain Protection",https://www.amazon.com/dp/B0DY1DZDN6?ref_=ppx_hzod_title_dt_b_fed_asin_title_0_1,$28.99,0,B0DY1DZDN6
113-5562756-0104264,https://www.amazon.com/your-orders/order-details?orderID=113-5562756-0104264&ref=ppx_yo2ov_dt_b_fed_order_details,2026-01-22,1,"Zip Ties Assorted Sizes(4”+6”+8”+12”), 400 Pack, Black Cable Ties, UV Resistant Wire Ties by ANOSON",https://www.amazon.com/dp/B0C2Z4L3S6?ref_=ppx_hzod_title_dt_b_fed_asin_title_0_2,$6.99,0,B0C2Z4L3S6
113-5562756-0104264,https://www.amazon.com/your-orders/order-details?orderID=113-5562756-0104264&ref=ppx_yo2ov_dt_b_fed_order_details,2026-01-22,1,"Nelko Label Maker Machine with Tape, P21 Bluetooth Label Printer, Wireless Mini Label Makers with Multiple Templates for School Office Home, Black",https://www.amazon.com/dp/B0CHJR142G?ref_=ppx_hzod_title_dt_b_fed_asin_title_0_3,$17.09,0,B0CHJR142G
113-5562756-0104264,https://www.amazon.com/your-orders/order-details?orderID=113-5562756-0104264&ref=ppx_yo2ov_dt_b_fed_order_details,2026-01-22,1,"XHF 100 PCS 3/4"" Black Self Adhesive Cable Zip Tie Mounts Wire Cable Clips Holders Management Anchors Organizer Holders Squares(HS-101S)",https://www.amazon.com/dp/B07M69LK65?ref_=ppx_hzod_title_dt_b_fed_asin_title_0_4,$6.99,0,B07M69LK65
113-5562756-0104264,https://www.amazon.com/your-orders/order-details?orderID=113-5562756-0104264&ref=ppx_yo2ov_dt_b_fed_order_details,2026-01-22,1,"WOLFBOX 33Feet Rear Camera Longer Replacement Cable for G900PRO Versions with USB-C Rear Camera (6-Pin), not Suitable for G900 Tripro Bumper and Cabin Version",https://www.amazon.com/dp/B0DY1N5QRV?ref_=ppx_hzod_title_dt_b_fed_asin_title_0_5,$26.99,0,B0DY1N5QRV
113-5562756-0104264,https://www.amazon.com/your-orders/order-details?orderID=113-5562756-0104264&ref=ppx_yo2ov_dt_b_fed_order_details,2026-01-22,1,"ISPINNER 52pcs Cable Clamps Assortment Kit, 304 Stainless Steel Rubber Cushion Pipe Clamps in 6 Sizes 1/4"" 5/16"" 3/8"" 1/2"" 5/8"" 3/4""",https://www.amazon.com/dp/B07V2YBDS5?ref_=ppx_hzod_title_dt_b_fed_asin_title_0_6,$14.59,0,B07V2YBDS5
113-2175892-5933811,https://www.amazon.com/your-orders/order-details?orderID=113-2175892-5933811&ref=ppx_yo2ov_dt_b_fed_order_details,2026-01-17,1,"POETIC TurtleSkin Case for Samsung Galaxy Tab S11 Ultra (2025 Release) 14.6"" with Kickstand & S Pen Holder, Heavy Duty Shockproof Kids Friendly Protective Silicone Cover, Black",https://www.amazon.com/dp/B0G3FLQQX9?ref_=ppx_hzod_title_dt_b_fed_asin_title_0_0,$31.95,0,B0G3FLQQX9
113-2175892-5933811,https://www.amazon.com/your-orders/order-details?orderID=113-2175892-5933811&ref=ppx_yo2ov_dt_b_fed_order_details,2026-01-17,1,"Mothca Matte Glass Screen Protector for Galaxy Tab S11 Ultra 14.6-inch 2025 with Easy Installation Frame, Anti-Glare & Anti-Fingerprint, 9H Hardness Tempered Glass, Smooth as Silk",https://www.amazon.com/dp/B0FRFW5PKH?ref_=ppx_hzod_title_dt_b_fed_asin_title_1_0,$17.99,0,B0FRFW5PKH
113-2175892-5933811,https://www.amazon.com/your-orders/order-details?orderID=113-2175892-5933811&ref=ppx_yo2ov_dt_b_fed_order_details,2026-01-17,1,"Zxiaochun Center Console Seat Headrest Organizer for 2011-2024 2025 Ford F150 F250 F350 F450 F550 F650 Accessories, Storage Tray with Non-Slip Rubber Mat (Jump Seat Only)",https://www.amazon.com/dp/B0FG23NXF1?ref_=ppx_hzod_title_dt_b_fed_asin_title_1_1,$26.95,0,B0FG23NXF1
113-2175892-5933811,https://www.amazon.com/your-orders/order-details?orderID=113-2175892-5933811&ref=ppx_yo2ov_dt_b_fed_order_details,2026-01-17,1,EVRBUL Upgraded Tailgate Upper Rubber Bushing Bumper LH & RH Tailgate Top Rubber Bumper Cushion Bushings Compatible with Ford F-250 F-350 F-450 F-550 Replace#: HC3Z-99439A00-A HC3Z-99439A00-B,https://www.amazon.com/dp/B0DB7YNQP4?ref_=ppx_hzod_title_dt_b_fed_asin_title_1_2,$15.99,0,B0DB7YNQP4
113-0379485-2890622,https://www.amazon.com/your-orders/order-details?orderID=113-0379485-2890622&ref=ppx_yo2ov_dt_b_fed_order_details,2026-01-17,1,"Mohists Double 1"""" Ball Mount Base Ball Adapter Compatible with RAM Mounts B Size Double Socket Arms, Black, Silver/Black, M-11-1",https://www.amazon.com/dp/B0CWYTY1D4?ref_=ppx_hzod_title_dt_b_fed_asin_title_0_0,$6.29,0,B0CWYTY1D4
113-0379485-2890622,https://www.amazon.com/your-orders/order-details?orderID=113-0379485-2890622&ref=ppx_yo2ov_dt_b_fed_order_details,2026-01-17,1,"OBDLink MX+ OBD2 Bluetooth Scanner for iPhone, Android, and Windows",https://www.amazon.com/dp/B07JFRFJG6?ref_=ppx_hzod_title_dt_b_fed_asin_title_1_0,$139.95,0,B07JFRFJG6
113-0379485-2890622,https://www.amazon.com/your-orders/order-details?orderID=113-0379485-2890622&ref=ppx_yo2ov_dt_b_fed_order_details,2026-01-17,1,"FPN Aluminum Alloy Double Socket Arm Compatible with RAM Mounts B Size 1"" Ball Components, Fits Industry All Standard 1"" Ball Adapters (5.91"" Long Arm)",https://www.amazon.com/dp/B0DM83MXH4?ref_=ppx_hzod_title_dt_b_fed_asin_title_1_1,$12.99,0,B0DM83MXH4
113-0379485-2890622,https://www.amazon.com/your-orders/order-details?orderID=113-0379485-2890622&ref=ppx_yo2ov_dt_b_fed_order_details,2026-01-17,1,WOLFBOX OEM Bracket for USB C G900 Tripro/G900PRO/G850PRO/G840S/G840H/G850/G900 Mirror Dash cam,https://www.amazon.com/dp/B0BN31MBZP?ref_=ppx_hzod_title_dt_b_fed_asin_title_1_2,$22.38,0,B0BN31MBZP
113-0379485-2890622,https://www.amazon.com/your-orders/order-details?orderID=113-0379485-2890622&ref=ppx_yo2ov_dt_b_fed_order_details,2026-01-17,1,"WOLFBOX G900 Tripro Bumper Version 3 Channel 4K Mirror Dash Cam, 8MP STARVIS 2 IMX678 Night Vision, 4K+2.5K+1080P Front and Rear Bumper Dash Cam, 5.8GHz WiFi, Voice Control, Includes 256GB Card & GPS",https://www.amazon.com/dp/B0DY1GM6DR?ref_=ppx_hzod_title_dt_b_fed_asin_title_1_3,$331.35,0,B0DY1GM6DR
113-0379485-2890622,https://www.amazon.com/your-orders/order-details?orderID=113-0379485-2890622&ref=ppx_yo2ov_dt_b_fed_order_details,2026-01-17,2,【2-Pack】 Magnetic Phone Holder for Car Dash【Strong Magnet】 Magnetic Car Phone Holder Mount 【4 Plate】 Phone Holders for Your Car Phone Mount for Car Dashboard Cell Phone Car Mount for iPhone Samsung,https://www.amazon.com/dp/B09ZH48Z3T?ref_=ppx_hzod_title_dt_b_fed_asin_title_2_0,$14.98,0,B09ZH48Z3T
113-0379485-2890622,https://www.amazon.com/your-orders/order-details?orderID=113-0379485-2890622&ref=ppx_yo2ov_dt_b_fed_order_details,2026-01-17,1,BRCOVAN 1'' Ball Mount Base with Aluminum Alloy 4-Hole AMPS Square Plate Compatible with RAM Mounts B Size 1 Inch Ball Double Socket Arm,https://www.amazon.com/dp/B0C77R7MXQ?ref_=ppx_hzod_title_dt_b_fed_asin_title_2_1,$12.99,0,B0C77R7MXQ
order id,order url,order date,quantity,description,item url,price,subscribe & save,ASIN