"row","category","component","cost","cost_basis","purchase_date","purchase_status","notes"
"2","Camper","Hiatus camper shell","33488.64","purchase_record","","Purchased","Hiatus camper shell installed on 2026-05-07. Price is the owner-provided camper-platform basis; exact purchase date is not captured in this file."
"3","Electrical","48V house battery bank (3 x 100Ah)","1616.88","item_subtotal","2026-02-24","Purchased","Purchased 2026-02-24 from Amazon: qty 3 at $538.96 each / $1,616.88 extended, ASIN B0F7RDTQZZ. Dumfume 48V 100Ah LiFePO4 batteries; manual retained at references/Dunfume_36V_48V_100Ah_Battery_-_User_Manual.pdf. Per-battery electrical limits remain as previously documented: 51.2V nominal, recommended charge voltage 58.4V +/-0.2V, max expansion 1S4P."
"4","Electrical","MultiPlus battery-temperature sensor","0.00","included","2026-02-17","Included","Included with the MultiPlus purchase in row 12: Victron temperature sensor for MultiPlus/Quattro and GX integration. No separate cost is counted."
"5","Electrical","Victron 275A battery disconnect","34.85","purchase_record","2026-02-17","Purchased","Purchased Victron 275A ON/OFF battery switch for the 48V main service disconnect. Verify final cable bend radius, terminal covers, and accessible operation after the MultiPlus remount."
"6","Electrical","Victron Lynx Distributor","211.65","purchase_record","2026-02-24","Purchased","Purchased 2026-02-24 from Amazon: Victron Energy Lynx Distributor M10, $211.65, ASIN B0CWYX4WSH."
"7","Electrical","Battery Class T protection","229.96","purchase_record","2026-02-18","Purchased","Purchased 2026-02-18: 200A Class T Fuse Kit TFB1-200 x3 (includes JLLN-200 200A Class T fuse x3 installed) plus JLLN-200 200A spare fuse x1. Owner confirmed 2026-05-17: 3 Class T fuse holders and 4 slow-blow Class T fuses total (3 installed + 1 spare). Row 105 is ANL spare stock for F-11, not Class T."
"8","Electrical","Separate 48V negative busbar","","unknown","","Retired","Not required in the locked Lynx topology; the Lynx Distributor provides the negative bus."
"9","Electrical","Separate six-way MEGA fuse holder","","unknown","","Retired","Not required in the locked Lynx topology; the Lynx Distributor provides four fused 48V branch slots."
"10","Electrical","125A MEGA fuse stock (5)","40.65","residual_allocation","2026-02-17","Purchased","Five 125A MEGA fuses purchased for MultiPlus F-02 installed/spare stock. The $40.65 cost is the residual of the former $63.91 mixed-fuse batch after subtracting directly evidenced rows 323 and 324; it is not a receipt-level child price. Verify body-marked DC voltage suitability before use."
"11","Electrical","Victron MEGA fuse holder for Orion 12V output (F-07)","15.30","purchase_record","2026-02-23","Purchased","Purchased Victron MEGA holder for the Orion 12V output F-07 position. Use one 60A/80V fuse from row 188 on the existing 6 AWG output; this is separate from the integrated Lynx Slot 4 Orion input protection."
"12","Electrical","Victron MultiPlus-II 48/3000 inverter/charger","937.55","purchase_record","2026-02-16","Purchased","Purchased Victron MultiPlus-II 48/3000/35-50 inverter/charger, 48V and 3kVA. Lithium-profile programming and a supervised one-battery shore-charge behavior check passed; permanent remount and full AC-out/GFCI commissioning remain separate gates."
"13","Electrical","AC-in breaker/disconnect (DIN UL489 30A)","22.99","item_subtotal","2026-05-16","Purchased","Purchased 2026-05-16 from Amazon as one of two ControlGear CGMB1C30 1-pole C-trip 30A DIN UL489 miniature circuit breakers. This line owns the AC-in breaker/disconnect; the matching AC-out main is row 327."
"14","Electrical","AC DIN panel bus/accessory kit","6.49","purchase_record","2026-05-16","Purchased","Purchased 2026-05-16 from Amazon: Bonsicoky 2-pack brass terminal bus bars for AC enclosure grounding/termination support. Current single-enclosure AC plan requires AC-in neutral and AC-out neutral to remain isolated; common PE/ground bus is acceptable. Cable glands are already tracked in row 44; ferrule crimper/kit is tracked in row 41."
"15","Electrical","GFCI outlet(s)","24.99","purchase_record","2026-05-16","Purchased","Purchased 2026-05-16 from Amazon: ELEGRP 20A self-test GFCI receptacle, tamper-resistant, UL listed, matte black, 2-pack. Current AC-out plan uses one GFCI receptacle on each active 20A branch; downstream standard receptacles are removed from active scope unless layout later reopens them."
"16","Electrical","Cyrico 12-circuit fuse panel","16.99","item_subtotal","2026-02-24","Purchased","Purchased 2026-02-24 from Amazon: Cyrico 12-circuit 12V/24V fuse block with LED indicators and integrated negative bus, $16.99 item subtotal; ASIN B0C6Z49434. Retained as backup/prototype stock because the installed camper uses the Blue Sea panel in row 167."
"17","Electrical","Separate 12V negative busbar","","unknown","","Retired","Not required in the locked 12V fuse-panel topology; the panel's integrated negative bus is the shared return point."
"18","Electrical","Sterling BB1248120 alternator charger","806.65","purchase_record","2026-02-24","Returned","Purchased 2026-02-24 from Amazon: Sterling Power 12V/24V input to 48V output 120A battery-to-battery charger, $806.65, ASIN B0DY9WVQ27. Obsolete/returned after migration to dedicated 48V secondary alternator architecture. Not part of active fuse planning, board layout, or commissioning."
"19","Electrical","Pre-charge resistor lead (MultiPlus inrush control)","7.49","purchase_record","2026-02-24","Purchased","LM YN 50W aluminum-shell wirewound resistor pack (Amazon): 100 ohm, 5%, 2-pack. Use one resistor in the pre-charge lead with insulated alligator clips across the 48V main disconnect studs before closing the switch."
"20","Electrical","Victron Orion-Tr Smart 48/12-30 DC-DC converter","243.95","purchase_record","2026-02-23","Purchased","Purchased Victron Orion-Tr Smart isolated 48/12-30 DC-DC converter with Bluetooth, rated 30A / 360W on the 12V output. The installed input now uses Lynx Slot 4 with one verified 40A MEGA and no standalone input holder."
"21","Electrical","12V buffer battery","119.99","purchase_record","2026-02-24","Purchased","Purchased 2026-02-24 from Amazon: 12V 100Ah LiFePO4 Group 31 battery, $119.99, ASIN B0FPFSJT8P. 12V buffer battery for shared 12V bus support."
"22","Electrical","Victron Cerbo GX MK2","242.10","item_subtotal","2026-02-25","Purchased","Purchased 2026-02-25 from Amazon: Victron Cerbo GX MK2, $242.10 item subtotal; ASIN B0D6LVZWGX. Power from a small fused 48V system-side feed and connect VE.Bus to the MultiPlus. The KUS sender uses one native resistive tank-input column; no GX Tank 140 is required. Verify the original tank terminal block is present; replacement reference is Phoenix Contact 1790124."
"23","Electrical","Victron SmartShunt battery monitor","70.24","purchase_record","2026-02-25","Purchased","Purchased 2026-02-25 from Amazon: Victron SmartShunt 300A / 6.5V-70V, $70.24, ASIN B0DJ2P2XN5."
"24","Electrical","Solar Panels","700.00","owner_estimate","","Deferred","Flexible-first solar path under 75 lb roof cap. Final panel model/string not locked yet; prior 9x100W concept retained as planning placeholder only."
"25","Electrical","Victron SmartSolar MPPT 150/45","206.55","purchase_record","2026-02-22","Purchased","Purchased Victron SmartSolar MPPT 150/45 charge controller. Final PV fuse count, panel stringing, and roof-entry hardware remain deferred until the solar-panel selection is locked."
"26","Electrical","Sterling BBR alternator-charger remote","108.80","purchase_record","2026-02-24","Returned","Purchased 2026-02-24 from Amazon: Sterling Power battery-to-battery charger optional remote, $108.80, ASIN B0DYBKJ2FS. Obsolete/returned with pre-Mechman alternator charger path."
"27","Electrical","Starlink DC power supply","65.00","owner_estimate","","Planned","Owner estimate for a 12V-fed Starlink DC conversion supply. Exact model, connector standard, fuse, conductor size, and installation location remain unselected."
"28","Hardware","2/0 AWG red/black welding cable","342.77","purchase_record","2026-02-23","Purchased","TEMCo 2/0 AWG welding-cable purchases include at least 35 ft red + 35 ft black in row history, with owner-confirmed accidental surplus on hand as of 2026-05-17. Current 2/0 stock is sufficient for battery/MultiPlus/core runs and the dedicated 48V alternator path unless final field routing proves otherwise; no Big 3-specific cable purchase is assumed."
"29","Hardware","6 AWG red/black cable set","37.99","purchase_record","2026-02-24","Purchased","Purchased 2026-02-24 from Amazon: iGreely 6 AWG red/black welding/battery wire set, 10 ft each plus lugs, $37.99, ASIN B0CFHFGHNX. Active 6 AWG circuit needs still require final route check."
"30","Hardware","4 AWG red/black cable set","26.99","purchase_record","2026-02-24","Purchased","Purchased 2026-02-24 from Amazon: Shirbly 4 AWG pure-copper welding/battery cable set, 5 ft red + 5 ft black, $26.99, ASIN B0CDLKZ4R1. Used/available for 12V buffer battery path or contingency."
"31","Hardware","10 AWG PV cable","31.00","owner_estimate","","Deferred","Deferred with the solar-panel selection. Current planning basis is 36 ft route total, or approximately 72 conductor-ft single-wire equivalent, from an assumed C-27 route; reconcile this against the older 30 ft concept and physical routing before purchase."
"32","Hardware","14 AWG duplex marine wire","29.91","purchase_record","2026-02-24","Purchased","Purchased 2026-02-24 from Amazon: 14 AWG duplex marine-grade tinned copper cable, 50 ft, $29.91, ASIN B0B6HVSM9S. Active small-branch layout still route-dependent but stock is on hand."
"33","Hardware","18/2 tinned duplex signal/control cable","14.00","owner_estimate","","Planned","Small-wire inventory baseline for low-current controls and sensors. The KUS-to-Cerbo tank-sender run requires one continuous two-conductor 18-22 AWG route from the sender pigtail to one Cerbo Tank-input column; 18/2 tinned duplex is preferred. Cerbo-end ferrules are covered by purchased row 41. Verify on-hand length plus two sealed heat-shrink pigtail splices; neither the cable nor splices are confirmed purchased in the current BOM."
"34","Hardware","2/0 AWG x M10 / 3/8 in lugs","25.99","purchase_record","2026-02-24","Purchased","Purchased 2026-02-24 from Amazon: RED WOLF 2/0 AWG 3/8 in battery cable lugs, 20 pieces with heat shrink, $25.99, ASIN B0DWRV5ZLM."
"35","Hardware","2/0 AWG x M8 / 5/16 in lugs (10 pack)","13.93","item_subtotal","2026-02-24","Purchased","Purchased 2026-02-24 from Amazon: TKDMR 2/0 AWG x M8 / 5/16 in battery-lug set with heat shrink, 10 pack, $13.93 item subtotal; ASIN B08R6VFF6B. July repeat stock is row 328."
"36","Hardware","6 AWG x M8 / 5/16 in lugs","6.79","purchase_record","2026-02-24","Purchased","Purchased 2026-02-24 from Amazon: XHF 6 AWG 5/16 in heavy-duty battery lugs with heat shrink, 10 pieces, $6.79, ASIN B0D1CHTVWR."
"37","Hardware","4 AWG copper lugs, M8 / 5/16 in (10 pack)","8.99","purchase_record","2026-07-18","Purchased","Purchased 2026-02-24 from Amazon: Sanuke 4 AWG copper lugs with heat-shrink, M8 / 5/16 in, 10 pack; ASIN B092ZM6XY3. Keep stud sizes physically separated and verify crimp and pull strength."
"38","Hardware","Adhesive-lined heat-shrink tubing","12.00","purchase_record","2026-02-20","Included","Adhesive-lined red/black heat-shrink stock for large-gauge cable terminations; exact package and quantity are not captured."
"39","Hardware","Wire ferrules (6 AWG)","4.00","purchase_record","2026-02-20","Included","Allocated stock of 6 AWG ferrules for fine-strand terminations that explicitly accept ferrules. Verify terminal geometry and crimp pull strength before use."
"40","Hardware","Wire ferrules (4 AWG)","4.00","purchase_record","2026-02-20","Included","Allocated stock of 4 AWG ferrules for fine-strand terminations that explicitly accept ferrules. Verify terminal geometry and crimp pull strength before use."
"41","Hardware","Ferrule crimper and ferrule kit (AWG 23-10)","27.99","purchase_record","2026-05-16","Purchased","Purchased 2026-05-16 from Amazon: Preciva ferrule crimping tool kit with 1900 pieces insulated wire ferrules, hexagonal AWG23-10 ratchet crimper. Use for fine-strand AC terminations where device terminals accept ferrules; verify terminal compatibility before crimping."
"42","Hardware","Split loom","9.99","purchase_record","2026-01-22","Purchased","Purchased 2026-01-22 from Amazon: Alex Tech 25 ft x 1/4 in black split wire loom tubing, $9.99, ASIN B07TDGMDW4. Larger loom/grommet sizes may still be fit-up items."
"43","Hardware","Rubber grommets","10.00","owner_estimate","","Planned","Planned wire-penetration protection. Lock sizes only after cable routes and hole diameters are measured."
"44","Hardware","Strain relief/cable glands","12.99","purchase_record","2026-02-24","Purchased","Purchased 2026-02-24 from Amazon: LISTENJIALE 50-piece adjustable waterproof cable gland assortment PG7-PG19, $12.99, ASIN B09Z24H77M."
"45","Hardware","P-clamps","14.59","purchase_record","2026-01-22","Purchased","Purchased 2026-01-22 from Amazon: ISPINNER 52-piece stainless/rubber cushion cable clamp assortment, $14.59, ASIN B07V2YBDS5."
"46","Hardware","1/4-20 stainless nylock nuts","9.99","item_subtotal","2026-07-12","Purchased","Purchased from Amazon by 2026-05-31: 1/4-20 stainless nylock-nut stock, $9.99 item subtotal. Split by hardware class and screw length; confirm installed thread engagement and material compatibility."
"47","Hardware","Wood/fixture T-nut assortment","11.99","purchase_record","2026-05-31","Purchased","Purchased 2026-05-31 from Amazon: 100-pack 4-prong tee nut assortment, $11.99, ASIN B07R7Q41FB. Use for plywood/fixture/prototype mounting only; this is not 80/20 slide-in T-slot hardware."
"48","Hardware","Adhesive cable mounts","6.99","purchase_record","2026-01-22","Purchased","Purchased 2026-01-22 from Amazon: XHF 100-piece 3/4 in black self-adhesive cable zip-tie mounts, $6.99, ASIN B07M69LK65."
"49","Hardware","UV-resistant zip ties (assorted 400 pack)","6.99","item_subtotal","2026-06-17","Purchased","Purchased 2026-01-22 from Amazon: ANOSON assorted black UV-resistant zip ties, 400 pack, $6.99 item subtotal."
"50","Hardware","1/4 in rubber spacer washers for 80/20 panels","9.99","item_subtotal","2026-06-03","Purchased","Purchased 2026-06-03 from Amazon: Thick Rubber Washers, 3/4 in OD x 1/4 in ID x 1/4 in thickness, black rubber bushing spacer flat washers, 25 pack. Gmail verifies a $9.99 item subtotal and $10.71 checkout total. Use as 1/4 in panel standoffs/anti-rattle spacers behind 1/2 in plywood inset/front panels on 10-series 80/20 to create an effective 3/4 in stack and 1/4 in visual reveal; not for countertops, shelving load paths, or structural panel retention by itself."
"51","Hardware","Grounding antioxidant compound","12.00","owner_estimate","","Planned","Planning allowance for Noalox or an equivalent antioxidant compound at compatible aluminum/copper grounding interfaces. Confirm material compatibility before application."
"52","Tools","Nelko P21 label maker","17.09","item_subtotal","2026-06-24","Purchased","Purchased 2026-01-22 from Amazon: Nelko P21 Bluetooth label maker with starter tape, $17.09 item subtotal."
"53","Tools","Hydraulic lug crimper (8-2/0)","39.99","purchase_record","2026-02-24","Purchased","Purchased 2026-02-24 from Amazon: Brileine 10-ton hydraulic crimping tool with 9 dies, $39.99, ASIN B0CQD4MSSG."
"54","Tools","10 in sliding miter saw (corded)","200.00","purchase_record","2026-03-18","Purchased","Ryobi 10 in sliding miter saw (corded), purchased at Harbor Freight/retail tooling wave period for fabrication workflow support."
"55","Tools","Random orbital sander (5 in)","25.00","purchase_record","2026-03-18","Purchased","5 in random orbital sander purchased in Harbor Freight tooling wave."
"56","Tools","Domino/biscuit joiner","","unknown","","Planned","Optional woodworking joiner; exact model and need are not yet selected."
"57","Tools","Digital level","30.37","purchase_record","2026-02-24","Purchased","Purchased 2026-02-24 from Amazon: MOTORHEAD 10-inch digital level, $30.37, ASIN B07SGWQ5C3."
"58","Tools","PEX expansion tool","","unknown","","Retired","Not required for the current PEX-B cinch-clamp system; retained as a retired planning line."
"59","Tools","Step drill bits (3 pc)","20.00","purchase_record","2026-03-18","Purchased","3-piece step drill bit set purchased in Harbor Freight tooling wave."
"60","Tools","Ratchet cable cutter","9.99","purchase_record","2026-02-24","Purchased","Purchased 2026-02-24 from Amazon: YUZES 9.5 in cable cutter for up to 2/0 copper/aluminum, $9.99, ASIN B0FG7MZ5ZJ."
"61","Appliances","ICECO APL55 refrigerator/freezer","767.19","item_subtotal","2026-03-26","Purchased","Purchased 2026-03-26 from Amazon: ICECO APL55 dual-zone portable refrigerator/freezer, $767.19 item subtotal, ASIN B0BZV3787T. Prior note referenced a tax-included paid total; Amazon CSV only verifies the item-level subtotal."
"62","Appliances","LF Bros 5kW diesel heater","349.99","purchase_record","2026-02-25","Purchased","Purchased LF Bros 5kW 10L Split Pro 12V diesel-heater kit with T4S controller, remote, 10L tank, metering pump/filter, fuel line, intake, exhaust, harness, and mounting hardware. Preserve controller-commanded cooldown. Final install requires a sealed metal floor turret, protected exhaust/intake routing, and an exterior or sealed/vented fuel-tank and pump arrangement; follow the physical turret after underbody inspection."
"63","Appliances","Heater warm-air T fitting candidate","10.00","owner_estimate","","Planned","ZTUOAUMA 60mm T-piece candidate. HOLD until the actual LF Bros Split Pro warm-air outlet/duct is measured. Do not reduce a larger 5kW outlet to 60mm or add a restrictive T/closed branch without confirming diameter, minimum open area, bend radius, and fan/backpressure behavior."
"64","Appliances","CO/propane alarm","47.00","owner_estimate","","Planned","Install and function-test a listed CO alarm before the first in-camper diesel-heater burn. Propane is locked into the exterior rear-box HOTTAP package, so install and function-test listed LP detection before the first propane burn; also verify the smoke alarm and accessible extinguisher."
"65","Appliances","Larger exterior diesel tank","95.00","owner_estimate","","Deferred","Future larger exterior reserve concept only. The purchased LF Bros kit in row 62 already includes a 10L tank sufficient for installation/commissioning. Do not place either tank loose/open in the battery/electrical/living bay; any permanent tank requires exterior mounting or sealed externally vented spill containment, secure restraint, serviceable fill/vent, and protected fuel pickup."
"66","Appliances","Diesel heater metering pump","0.00","included","2026-02-25","Included","Supplied with purchased LF Bros Split Pro kit in row 62; no separate pump purchase is required. Install externally in rubber isolation, downstream of filter, outlet toward heater and approximately 45 degrees upward, within 2m of heater. Pump is controlled by heater harness/ECU and gets no separate manual switch."
"67","Appliances","Duxtop 1800W portable induction cooktop","60.34","purchase_record","2026-06-26","Purchased","Purchased 2026-06-26 owner-provided listing: Duxtop 1800W Portable Induction Cooktop Countertop Burner, Gold 8100MC/BT-180G3, $60.34. Replaces the generic single-induction cooktop placeholder; use as a removable/stowable 120V countertop burner and sequence against the Ninja SP151 and other high-draw AC loads."
"68","Appliances","Ninja SP151 air-fryer toaster oven","149.95","item_subtotal","2026-06-24","Purchased","Purchased 2026-06-24 from Amazon: Ninja SP151 8-in-1 flip-up 1800W air-fryer toaster oven, $149.95 item subtotal. Use as a removable countertop appliance; replaces the compact-microwave placeholder."
"69","Hardware","Joolca Quick-Release HOTTAP Bracket","95.00","item_subtotal","2026-07-26","Purchased","Owner-confirmed purchase 2026-07-26: one Quick-Release HOTTAP Bracket, $95.00 item subtotal. This is the mounting hardware previously documented as the vehicle quick plate. Through-bolt it to proven structural backing; receipt, compatibility, road-load clearance, and operating-clearance checks remain open."
"70","Appliances","Flame King 10 lb aluminum propane cylinder","185.86","item_subtotal","2026-07-26","Purchased","Owner-confirmed purchase 2026-07-26: one Flame King YSN10LB-ALM 10 lb aluminum OPD/QCC1 cylinder, $185.86 item subtotal; ASIN B0DRRP9F8G. Listed size is 9 x 9 x 19.25 in and about 19.6 lb filled. Receipt, shelf/valve/regulator-sweep dry fit, structural restraint, ventilation, and removal-path checks remain open. Travel upright, valve closed, and LP disconnected."
"71","Appliances","CALPOSE QCC1 propane pressure gauge","10.99","item_subtotal","2026-07-26","Purchased","Owner-confirmed purchase 2026-07-26: one CALPOSE three-color QCC1/Type-1 pressure gauge for 5-40 lb cylinders, $10.99 item subtotal. Part of the propane shower setup."
"72","Appliances","Joolca HOTTAP V2 Essentials water heater","399.00","item_subtotal","2026-07-26","Purchased","Owner-confirmed purchase 2026-07-26: one HOTTAP V2 Essentials, $399.00 item subtotal. Current US product page on 2026-07-26 states 27,000 BTU and up to 1.6 GPM; the earlier planning record carried 35,000 BTU, so verify the received data label before locking the burner rating. Current manual lists a 1.2 m LPG hose and separate 1 m/4 m QuickConnect water hoses. Mount outside the rear box on row 69 bracket under row 255 cover; receipt and installed-clearance checks remain open."
"73","Plumbing","36 gal wheel-well fresh-water tank","","unknown","","Purchased","Owner-confirmed purchased/in hand before 2026-05-01; exact vendor, model, purchase price, and date are not captured. Owner reports four molded ports on each end (two visibly large/two smaller) and no obvious/open top port; exact threads remain unverified. Inspect for a membrane-covered top boss, then verify the KUS sender location, upper-end gravity-fill/vent, low north pump outlet, low tank drain, and restraint with a workbench mockup plus one bare in-truck dry fit before drilling."
"74","Plumbing","SHURflo 4008 3.0 GPM water pump","69.75","item_subtotal","2026-04-07","Purchased","Purchased 2026-04-07 from Amazon: SHURflo 4008-101-A65 3.0 GPM pump, $69.75 item subtotal; ASIN B010TKMCEM. Final mounting remains gated on service access, vibration isolation, and a drained leak path away from electrical equipment."
"75","Plumbing","Camco EvoFlex2 drinking-water hose (50 ft)","31.26","item_subtotal","2026-04-07","Purchased","Purchased 2026-04-07 from Amazon: Camco EvoFlex2 50 ft drinking-water hose, $31.26 item subtotal; ASIN B09Z6VPFWD."
"76","Plumbing","Inline drinking-water hose filter","24.99","purchase_record","2026-04-07","Purchased","Purchased 2026-04-07 from Amazon: Lifefilter RV inline water filter with flexible hose protector, $24.99, ASIN B0933CLY8H."
"77","Plumbing","Cabinet-mounted water filter","","unknown","","Planned","Optional secondary cabinet filter. Reassess after the inline hose filter and cold-water system pass bench testing."
"78","Plumbing","IZTOR gravity water-inlet hatch","21.47","item_subtotal","2026-04-07","Purchased","Purchased 2026-04-07 from Amazon: IZTOR gravity water-inlet hatch, $21.47 item subtotal; ASIN B0B496W3BB. Tank-side fill and vent elbows are tracked separately in rows 219 and 220."
"79","Appliances","Starlink Standard terminal","349.00","owner_estimate","","Planned","Owner estimate for one Starlink Standard terminal. Final purchase waits for service-plan, stowage, exterior-view, cable-entry, and 12V DC-conversion decisions."
"80","Plumbing","1/2 in PEX-B tubing and installation kit","97.50","item_subtotal","2026-04-07","Purchased","Purchased 2026-04-07 from Amazon: EFIELD 1/2 in PEX-B kit with 100 ft red, 100 ft blue, brass fittings, and cinch clamps, $97.50 item subtotal; ASIN B0CL9J7FBN. Tank adapters are row 218. The accumulator-supplied white fittings are hose-barb swivels, not PEX crimp fittings; use the RecPro braided hose on the pump side and row 233 swivel PEX adapter on the outlet."
"81","Plumbing","PEX ball valve set","16.99","purchase_record","2026-04-07","Purchased","Purchased 2026-04-07 from Amazon: Hooshing 4-piece 1/2 in PEX brass full-port ball valve set, $16.99, ASIN B0CNP58ZJ8."
"82","Plumbing","Generic water quick-connect allowance","0.00","not_applicable","","Retired","Replaced by the direct-profile real-hose prototype in row 231. The rejected Sea-Dog plus travel-exposed plastic Melnor 2MQC stack is not the lead wall interface, and QD3 is premium fallback only. Do not drill before actual Joolca fit, valve routine, hot-flow, drain, cap, and panel/backer checks pass."
"83","Plumbing","Separate freshwater check valve","0.00","not_applicable","","Retired","No separate freshwater check-valve purchase is required. The installed SHURflo 4008 pump provides reverse-flow prevention; the accumulator smooths pressure but is not a check valve. Winterization uses the heater/tank drains and a regulated pressure-side blowout point if needed, not back-blowing through the pump."
"84","Plumbing","RecPro 30 in braided potable-water hose","14.95","item_subtotal","2026-04-07","Purchased","Purchased 2026-04-07 from Amazon: one of two RecPro 30 in braided PVC RV water hoses at $14.95 each; ASIN B0CKBYYQQW. Allocate this hose to the pump-side accumulator connection after the full mockup passes."
"85","Plumbing","Propane quick-disconnect","0.00","not_applicable","","Retired","Final HOTTAP architecture uses the supplied four-foot QCC1 regulator/hose connected directly from the upright 10 lb cylinder to the exterior-mounted heater only while parked. Route it through a smooth protected service hatch clear of sharp edges, exhaust, and the box door. No separate LP quick-disconnect or permanent box LP line is in active scope. Travel with the cylinder valve closed and the regulator/hose disconnected."
"87","Interior","Cabinetry allowance","4000.00","owner_estimate","","Planned","Planning allowance for permanent cabinetry only. Desk, chair, plumbing, appliances, and finish materials are tracked separately."
"88","Interior","Wall and cabinet insulation","","unknown","","Planned","Candidate wall/cabinet insulation using 3M Thinsulate or Havelock wool; final assembly and vapor-control approach remain open."
"89","Interior","TNUTZ EX-1010 extrusion, 94 in (23 sticks)","573.62","item_subtotal","2026-06-05","Purchased","Purchased 2026-06-05 from TNUTZ: 23 regular four-slot EX-1010 1 x 1 x 94 in sticks, 180.17 ft total, $573.62 item subtotal. Final cut geometry remains field-measured."
"90","Interior","Generic corner-bracket allowance","0.00","not_applicable","","Retired","Replaced by row 89 TNUTZ/10-series order: 8x 4-hole inside corner gussets, 20x 3-hole slotted inside corner brackets, 4x hidden 45 connector assemblies, and 25x blank end fastener assemblies. Keep future bracket adds tied to measured joints only."
"91","Interior","Generic corner-bracket adapter allowance","0.00","not_applicable","","Retired","Replaced by row 89 TNUTZ/10-series order. The current purchased package is 10-series/1/4-20 focused; no generic 10s-to-15s adapter purchase is assumed unless a measured heavy module later requires it."
"92","Interior","Generic corner-gusset allowance","0.00","not_applicable","","Retired","Replaced by row 89 TNUTZ/10-series order, including 8x 4-hole inside corner gussets and 20x 3-hole slotted inside corner brackets."
"93","Interior","Generic flat-bracket allowance","0.00","not_applicable","","Retired","Replaced by row 89 TNUTZ/10-series purchased hardware package for current 10-series mockup/build needs; add measured seam/plate hardware later only if real joints require it."
"94","Interior","Generic 90-degree flat-bracket allowance","0.00","not_applicable","","Retired","Replaced by row 89 TNUTZ/10-series purchased hardware package for current 10-series mockup/build needs; add measured seam/plate hardware later only if real joints require it."
"95","Interior","Thermal-break spacers and shims","","unknown","","Planned","Thermal-break and fit-up spacers in approximately 1/8 in and 1/2 in thicknesses; material and final hole sizes remain field-selected."
"96","Interior","3M heavy-duty double-sided mounting tape","20.99","item_subtotal","2026-07-18","Purchased","Purchased 2026-07-18 from Amazon: 3M heavy-duty removable double-sided foam mounting tape, 2 in x 10 ft, $20.99 item subtotal, ASIN B0FPQ29CX1. Use as fit-specific anti-rattle/finish assistance only after surface-prep and material-compatibility testing; do not treat adhesive tape as the sole structural retention for camper panels, road-load items, or service-critical components."
"97","Interior","Extrusion-groove panel anti-rattle foam","","unknown","","Deferred","Deferred under the current mechanically fastened overlay-panel baseline. Reopen only if a measured inset panel remains and row 96 mounting tape fails material, thickness, or groove-fit testing; then select the exact foam density, thickness, and adhesive."
"98","Interior","WLED/QuinLED interior LED lighting package","200.00","owner_estimate","","Deferred","Deferred 12V QuinLED/WLED allowance for separate upper CCT and lower RGBCCT strips, controller, and local buttons. Exact SKUs, channels, wiring, and mounting remain unlocked; this does not replace the Hiatus factory lighting."
"99","Interior","ARES WING dual heavy-duty monitor arm","179.99","item_subtotal","2026-06-05","Purchased","Purchased 2026-06-05 from Amazon: ARES WING heavy-duty gas-spring dual monitor mount for two ultrawide screens up to 57 in, USB-A/C charging ports, VESA 75/100/200 mm, black; $179.99 item subtotal. Parked-use hardware only unless the AW3423DWF gets a padded travel cradle/dock that unloads the arm and positively restrains the display during driving."
"100","Interior","Tervo Model U folding chair","160.00","owner_estimate","","Planned","Owner-selected compact folding office-chair candidate for the workstation. Purchase waits for a physical seated-ergonomics, aisle-clearance, stowage, and road-restraint mockup."
"101","Interior","Camper sound-system allowance","0.00","not_applicable","","Retired","Replaced by dedicated camper audio rows 189-193: Kicker KMC2 source unit, CSC67 speaker pair, PTRTP10 powered sub, 4 AWG fused sub power kit, RCA/speaker wire and install consumables."
"102","Electrical","Solar-panel mounting hardware","55.00","owner_estimate","","Deferred","Solar mount stack-up placeholder pending final flexible panel selection and mounting method validation."
"103","Electrical","370A 12V alternator upgrade","599.00","planning_estimate","","Retired","Mechman 370A alternator for Ford truck 7.3L (SKU 11532370) single-12V upgrade path. Superseded by decision assumption to migrate to dedicated 48V secondary alternator architecture."
"104","Hardware","Big Three wiring upgrade","225.00","planning_estimate","","Retired","Legacy wiring-only estimate tied to 12V high-output alternator path. Superseded by dedicated 48V secondary alternator migration assumption."
"105","Electrical","Spare fuse top-off kit (non-Lynx)","6.99","purchase_record","2026-03-03","Purchased","BOJACK 100A 32VDC ANL blade fuse pack (3-count) reserved as F-11 spare set x3. Installed F-11 hardware is tracked separately in row 125."
"106","Electrical","PV string fuses and combiner holder (3S3P)","65.00","planning_estimate","","Deferred","Deferred solar allowance for three active 15A gPV string fuses, three matching spares, and a listed holder/combiner near the roof entry. Final quantity and rating wait for panel/string lock."
"107","Electrical","Shore power inlet","22.99","purchase_record","2026-05-16","Purchased","Purchased 2026-05-16 from Amazon: Nilight 30A 125V twist-lock shore power inlet, NEMA L5-30P, ETL listed, enclosed lockable flanged male inlet box with cover. Use with butyl bedding row 180 and Sikaflex perimeter/finish seal row 179."
"108","Electrical","Camco 30A RV shore cord (25 ft)","54.99","item_subtotal","2026-05-16","Purchased","Purchased 2026-05-16 from Amazon: Camco 55524 25 ft 30A RV cord, TT-30P to L5-30R, $54.99 item subtotal; ASIN B01N6T0ST0."
"109","Electrical","AC single 6-way DIN enclosure","22.99","purchase_record","2026-05-16","Purchased","Purchased 2026-05-16 from Amazon: Mollom 6-way DIN distribution box with bus bars and DIN rail, IP66, 165x200x100 mm. Supersedes the prior two-compact-enclosure AC-in/AC-out split. Planned slot use: 30A AC-in, 30A AC-out main, 20A branch 1, 20A branch 2, and two spare/blank positions. Maintain isolated AC-in and AC-out neutral paths inside the enclosure."
"110","Electrical","AC branch 1 breaker (DIN UL489 20A)","22.99","item_subtotal","2026-05-16","Purchased","Purchased 2026-05-16 from Amazon as one of two ControlGear CGMB1C20 1-pole C-trip 20A DIN UL489 miniature circuit breakers. This line owns AC-out branch 1; the matching branch 2 breaker is row 330."
"111","Electrical","Standard non-GFCI AC receptacles","0.00","not_applicable","","Retired","Obsolete under the 2026-05-16 AC purchase lock. The active plan uses two 20A GFCI receptacles from row 15 only; no downstream non-GFCI duplex receptacles remain unless a later receptacle-count revision explicitly reopens them."
"112","Electrical","AC outlet boxes and faceplates","20.00","planning_estimate","","Planned","Updated 2026-05-17: two active GFCI receptacles/covers are coming via row 15; any separate outlet boxes, clamps, or covers are install-fit details solved with on-hand hardware as needed. Prior 4-receptacle downstream plan remains obsolete with row 111."
"113","Hardware","AC branch cable (stranded, 12/3)","39.99","purchase_record","2026-05-16","Purchased","Purchased 2026-05-16 from Amazon: CONEPY 12/3 triplex marine-grade cable, 12 AWG, 30 ft, tinned copper/stranded, black-white-green AC branch basis. Supports the two active 20A GFCI receptacle branches (C-31/C-32); AC-out feeder from MultiPlus to 30A output main is now covered by 10/3 row 114."
"114","Hardware","10/3 shore and AC feeder cable","43.99","purchase_record","2026-05-16","Purchased","Purchased 2026-05-16 from Amazon: NOVINO 10/3 marine-grade triplex boat cable, 10 AWG, 20 ft, tinned copper/stranded, black-white-green, 600V listing claim. Covers 30A shore/inlet-to-MultiPlus AC-in path and short MultiPlus AC-out-to-30A-main feeder path (C-28/C-29/C-30). Verify jacket markings and conductor material on receipt."
"115","Electrical","Acegoo 118W USB-C PD station","22.99","purchase_record","2026-05-27","Purchased","Purchased 2026-05-27 from Amazon: one Acegoo 118W 12V USB outlet with 100W USB-C PD and 18W QC3.0 USB-A ports. This line owns the purchased validation station; a conditional second station is row 331."
"116","Hardware","USB-C PD branch wiring and terminals","45.00","planning_estimate","","Planned","USB branch baseline: office C-34 uses 12 AWG duplex (~5 ft ASSUMED), galley C-35 uses 14 AWG duplex (~8 ft ASSUMED). Includes terminals and install consumables; add checkout overage separately."
"117","Electrical","48V battery-side combine busbars","47.98","purchase_record","2026-02-24","Purchased","Purchased 2026-02-24 from Amazon: Joinfworld 400A bus bar / distribution block, $47.98, ASIN B0D664KQ1P. Used as purchased covered busbar stock/reference for battery-side combine planning."
"118","Electrical","Additional 48V-to-12V converter","","unknown","","Planned","If sustained 12V loads + USB-C PD demand exceed Orion 48/12-30 headroom, add parallel converter capacity or move to higher-output 48V->12V conversion."
"119","Hardware","Exterior T-slot/strut rails and mounts","325.00","planning_estimate","","Planned","Exterior modular rails for shovel/Maxtrax and general gear carry (starter allowance: 2-4 rail sections, end caps, backing plates, and stainless mounting hardware)."
"120","Interior","Interior T-slot/strut rails and accessories","210.00","planning_estimate","","Planned","Interior modular rail allowance for baskets/hooks/tie-down points (rail sections, spring nuts/T-nuts, brackets, and install hardware)."
"121","Electrical","Solar roof-to-shell jumper and passthrough kit","165.00","planning_estimate","","Deferred","Hardwall popup routing baseline: exterior-rated coiled solar jumper(s) from roof array to lower shell weatherproof passthrough, plus bulkhead/gland, strain relief, and service loop hardware."
"122","Interior","Soft-close undermount drawer-slide kits","","unknown","","Deferred","Deferred until the live cabinet layout confirms which storage remains drawers rather than bins and physical drawer count, length, load, and clearances are measured. Do not preserve the older four-kit assumption without that validation."
"123","Electrical","Portable EMS/surge protector (shore AC)","159.10","purchase_record","2026-05-16","Purchased","Purchased 2026-05-16 from Amazon: Progressive Industries EMS-PT30X portable 30A RV EMS. Use outside at source side: shore source/adapters -> portable EMS -> 30A shore cord -> camper inlet. Supersedes prior hardwired EMS assumption to preserve cabinet space while retaining open-neutral, reverse-polarity, surge, and over/under-voltage protection behavior."
"124","Electrical","12V buffer battery disconnect (SW-12V-BATT)","12.97","purchase_record","2026-02-27","Purchased","Battery Disconnect Switch Master, 12V-48V waterproof isolator On-Off kill switch, 275A high-current class, for manual service isolation downstream of F-11."
"125","Electrical","12V buffer-battery fuse and holder (F-11)","9.99","purchase_record","2026-02-27","Purchased","BOJACK 0/2/4 AWG inline ANL fuse holder with included 100A ANL fuse (installed F-11 path hardware), mounted within ~7 in of 12V buffer battery positive post."
"126","Tools","Rivet nut installation tool kit (metric)","32.98","purchase_record","2026-02-22","Returned","Rivet Nut Installation Tool Set (metric assortment) originally purchased on 2026-02-22 and now being returned to Amazon because build hardware standard is 1/4-20 and 5/16-18 SAE."
"127","Hardware","1/4-20 multi-grip rivet nut inserts","29.99","purchase_record","2026-02-22","Purchased","AOKLIT 1/4-20 multi-grip steel rivet nuts (100 pack) retained for compatible thin-wall or steel attachment points. They are not the active stainless truck-bed rivnut set."
"128","Hardware","2 AWG red/black cable set (contingency)","184.96","owner_estimate","","Retired","2 AWG pure-copper cable set (30 ft red + 30 ft black) retained as optional fallback reference only. Removed from active cart after committing to TEMCo 2/0 purchase for row 28."
"129","Plumbing","PTFE thread seal tape","5.14","purchase_record","2026-02-24","Purchased","Purchased 2026-02-24 from Amazon: Millrose 70660 Monster Roll PTFE thread seal tape, 1/2 in x 260 in, $5.14, ASIN B00K80KTR6."
"130","Hardware","EVEO wall cable raceway","29.97","item_subtotal","2026-02-24","Purchased","Purchased 2026-02-24 from Amazon: EVEO 306 in wall cable raceway/cord hider, $29.97 item subtotal; ASIN B097LQ8XVB."
"131","Tools","Layout/marking ruler","26.99","purchase_record","2026-02-22","Purchased","Purchased Saker adjustable scriber and line-marking ruler for cabinetry, panel, and extrusion-layout work."
"132","Consumables","CA glue stock","10.99","purchase_record","2026-03-18","Purchased","Merged component-level stock: one locally purchased super-glue gel ($5.99) plus one Harbor Freight-period CA glue pack ($5.00), $10.99 combined. The former duplicate row 162 was removed during BOM normalization."
"133","Electrical","30A/58V Orion MIDI-fuse dead-end stock","11.98","item_subtotal","2026-02-24","Purchased","Purchased 2026-02-24 from Amazon: ChaoDong 30A 58VDC MIDI fuses, qty 2 at $5.99 / $11.98 extended, ASIN B0GDZPMPZ6. Final Orion input protection is one 40A MEGA body-marked at least 58VDC in Lynx Slot 4; do not stack this MIDI fuse or a standalone holder into the branch."
"134","Tools","Pocket hole jig","22.99","purchase_record","2026-02-24","Purchased","Purchased 2026-02-24 from Amazon: Hiceeden adjustable aluminum pocket hole jig kit, $22.99, ASIN B0F9KKSGBD."
"135","Hardware","Pocket screw kit","24.99","purchase_record","2026-02-24","Purchased","Purchased 2026-02-24 from Amazon: Milescraft 5200 pocket screw kit, 700 pieces, $24.99, ASIN B06XYX8CFV."
"136","Hardware","5/16-18 button-head bolts (1/2 in)","8.99","purchase_record","2026-02-25","Purchased","BNUOK 5/16-18 x 1/2 in black-zinc 304 stainless button-head socket cap screws (30 pack)."
"137","Hardware","5/16-18 button-head bolts (3/4 in)","10.99","purchase_record","2026-02-25","Purchased","BNUOK 5/16-18 x 3/4 in black-zinc 304 stainless button-head socket cap screws (30 pack)."
"138","Hardware","5/16-18 button-head bolts (1 in)","8.99","purchase_record","2026-02-25","Purchased","VGBUY 5/16-18 x 1 in black-zinc 304 stainless button-head socket cap screws (25 pack)."
"139","Hardware","5/16-18 Grade 8 hex hardware kit","14.99","purchase_record","2026-02-25","Purchased","Glarks 120-piece 5/16-18 Grade 8 assortment kit including hex bolts/nuts/flat washers/lock washers (3/4 in to 1-1/2 in lengths)."
"140","Hardware","5/16-18 multi-grip rivet nut inserts","12.98","purchase_record","2026-02-25","Purchased","Purchased 20-piece set of pre-bulbed, multi-grip 5/16-18 plus-nut inserts for compatible sheet-metal attachment points."
"141","Tools","1/4-20 multi-grip rivet nut tool set","22.98","purchase_record","2026-02-25","Purchased","Multi-grip rivet nut installation tool set for 1/4-20 plus nuts (tool plus 6 stainless inserts). Owner confirmed the active stainless truck-bed rivnuts were installed by 2026-07-12 across rib highs, valleys, and some rib-edge transitions; active locations still require hand-thread, mapping, and square-load-path checks during plywood dry fit."
"142","Tools","5/16-18 multi-grip rivet nut tool set","23.98","purchase_record","2026-02-25","Purchased","Multi-grip rivet nut installation tool set for 5/16-18 plus nuts (tool plus 6 stainless inserts)."
"143","Consumables","Rust-Oleum filler primer (gray)","7.97","purchase_record","2026-02-25","Purchased","Rust-Oleum 249279 automotive filler primer spray 11 oz (gray)."
"144","Interior","Floor insulation between bed ribs (EPS)","71.38","purchase_record","2026-02-26","Purchased","SilveRboard Graphite EPS kit, 0.625 in x 48 in x 24 in (9 sheets, 72 sq ft). Purchased from Home Depot website."
"145","Interior","Floor full thermal break layer (EPDM)","47.22","purchase_record","2026-02-26","Returned","Rubber-Cal EPDM closed-cell sponge rubber, 1/8 in x 39 in x 78 in, qty 2 sheets. Home Depot order canceled before shipment; fully refunded. Not in active floor stack and no material on hand."
"146","Consumables","Foamboard adhesive (light tacking)","5.48","purchase_record","2026-02-26","Purchased","Loctite PL 300 foamboard adhesive 10 oz, used sparingly (3-5 dabs per cavity). Purchased from Home Depot website."
"147","Interior","Subfloor plywood (3/4 in birch, truck floor)","176.00","purchase_record","2026-03-18","Purchased","3/4 in x 4 ft x 8 ft birch plywood, qty 2 sheets at $88 each, purchased for active truck-floor subfloor path (direct over EPS+ribs)."
"148","Consumables","Plywood sealer (polyurethane)","22.99","purchase_record","2026-02-26","Purchased","TotalBoat Halcyon Water-Based Marine Varnish, clear gloss, pint (Amazon). Purchased for sealing subfloor bottom face, edges, and drilled holes while leaving the top Lonseal bond face untreated."
"149","Interior","Finish flooring marine sheet vinyl (Lonwood Madera Topseal - Oregano)","357.84","purchase_record","2026-03-20","Purchased","Campervan HQ price basis from user-provided listing: 72 in wide x 8 linear ft = 48 sq ft. The one-piece sheet was permanently glued across the three-piece 3/4 in plywood floor on the evening of 2026-07-15. It bridges both plywood seams; future floor removal requires cutting the vinyl. Post-cure inspection remains open for mild waviness/bumps and edge lift."
"150","Consumables","Lonseal #650 two-part epoxy adhesive","97.06","purchase_record","2026-03-20","Purchased","Purchased and fully consumed for the 2026-07-15 Lonseal floor installation. One complete A/B unit was mixed; no remaining inventory is assumed."
"151","Interior","Electrical closet backer plywood (1/2 in)","68.00","purchase_record","2026-03-18","Purchased","1/2 in x 4 ft x 8 ft plywood, qty 1, purchased primarily for electrical component backer/closet module work."
"152","Tools","Tool cart","160.00","purchase_record","2026-03-18","Purchased","Harbor Freight tool cart purchased for build organization and mobile workstation support."
"153","Vehicle","Apex Badlands winch","600.00","purchase_record","2026-03-18","Purchased","Apex/Badlands winch purchased in major Harbor Freight order."
"154","Tools","Bauer 6-tool combo kit","250.00","purchase_record","2026-03-18","Purchased","Combo kit includes drill, 1/4 impact, oscillating multi-tool, light, leaf blower, and circular saw."
"155","Consumables","5 in sanding discs","15.00","purchase_record","2026-03-18","Purchased","Purchased 5 in random-orbital sanding-disc assortment for wood, finish, and edge-preparation work."
"156","Tools","Router","60.00","purchase_record","2026-03-18","Purchased","Router purchased for cabinetry/fabrication edge and joinery operations."
"157","Consumables","Hercules jigsaw blades (36 piece)","18.00","purchase_record","2026-03-18","Purchased","Purchased 36-piece Hercules jigsaw-blade assortment for plywood, panel, and general fabrication cuts."
"158","Tools","Jigsaw","35.00","purchase_record","2026-03-18","Purchased","Purchased a jigsaw during the Harbor Freight tooling wave for plywood, panel, and interior-fabrication cuts."
"159","Tools","20V 5Ah battery","100.00","purchase_record","2026-03-18","Purchased","Additional 20V 5Ah battery purchased (in addition to kit-included 1.5Ah and 3Ah packs)."
"160","Tools","Router bit kit (16 piece)","30.00","purchase_record","2026-03-18","Purchased","Purchased 16-piece router-bit set for cabinetry, edge treatment, and panel fabrication."
"161","Tools","Foam kneeling pad","5.00","purchase_record","2026-03-18","Purchased","Purchased foam kneeling pad for safer and more comfortable floor, truck-bed, and low-cabinet work."
"163","Consumables","Two-part epoxy","4.00","purchase_record","2026-03-18","Purchased","Purchased small two-part epoxy package for minor assembly, fixture, and repair tasks; not the Lonseal floor adhesive in row 150."
"164","Services","Harbor Freight membership (2 yr)","45.00","purchase_record","2026-03-18","Purchased","2-year Harbor Freight membership purchased; savings lever for tooling wave."
"165","Tools","Lifetime folding work table","50.00","purchase_record","2026-03-18","Purchased","Purchased Lifetime folding table for temporary bench, staging, and shop-support use during fabrication."
"166","Vehicle Electronics","Garmin motorcycle mount and hardwire kit","50.00","purchase_record","2026-03-18","Purchased","Owner-provided purchased-cost allocation of approximately $50 for the Garmin motorcycle mount and hardwire kit; Garmin device was already owned."
"167","Services","Installer upgrade: Blue Sea 12-circuit panel","50.00","purchase_record","2026-03-18","Purchased","Hiatus installer upcharge to install a 12-circuit Blue Sea panel instead of 6-circuit baseline."
"168","Electrical","Mechman 48V dual-alternator conversion kit","1743.98","purchase_record","2026-03-27","Purchased","Purchased Mechman 48V dual-alternator bracket/conversion kit for the 2021 F-350 7.3L gas platform; SKU GZDB-20-1AC-775048V-LFP. The alternator is mechanically installed, the idler issue is resolved, and the system remains intentionally unwired/electrically disabled pending commissioning. Order basis is $1,699 plus $44.98 shipping."
"169","Electrical","Alternator protection module (APM-48)","157.99","purchase_record","2026-03-20","Purchased","Balmar APM-48 alternator protection module (48V model). Price snapshot basis from user-provided listing: sale $141.30 / list $157.99. Received by 2026-04-25."
"170","Electrical","150A alternator-branch MEGA fuse set","24.00","planning_estimate","","Planned","Planned 150A, 58V/80V MEGA fuse family for the alternator branch in Lynx Slot 3: one installed fuse plus spares. Place protection at the house-bank/Lynx end of the alternator positive run; final conductor basis is the existing 2/0 cable over an approximately 20 ft one-way route."
"171","Electrical","WS500 regulator-power fuse and holder (F-12)","20.00","planning_estimate","","Planned","Planning allowance for a 10A regulator-power fuse and holder; use 15A only if the final alternator case/manual requires it. Holder and fuse voltage ratings must cover actual maximum 48V-bank/alternator voltage."
"172","Electrical","WS500 PH/NH harness","120.00","planning_estimate","","Retired","Removed from standalone procurement scope. Harness confirmation is now part of row 168 Mechman kit lock workflow."
"173","Hardware","Alternator cable/lug shortfall allowance","120.00","planning_estimate","","Retired","Removed from standalone procurement scope. Current decision is to reuse existing uncut 2/0 inventory for the ~20 ft alternator charge path unless field measurement proves otherwise."
"174","Tools","Sheet-vinyl adhesive trowel (Roberts 10-181-16)","4.40","purchase_record","2026-05-04","Purchased","Primary trowel for Lonseal #650: Roberts dual-notch trowel model 10-181-16. One side is the required 1/16 in x 1/32 in x 1/32 in U-notch specified by Lonseal for vehicle-floor installs, so it is suitable for the truck-bed Madera install. User confirmed purchased by 2026-05-04; user-provided Home Depot price basis remains $4.40."
"175","Tools","POWERTEC long-handle J-roller","15.99","item_subtotal","2026-07-13","Purchased","Purchased 2026-07-13 from Amazon and used for the Lonseal floor: POWERTEC 12 in long-handle J-roller, $15.99 item subtotal; ASIN B00NFAOCVU. This replaces the stale generic roller estimate previously in row 175."
"176","Electrical","WS500 Upfitter #3 enable-wiring kit","24.00","planning_estimate","","Planned","Manual alternator-charge control hardware for `Ford Upfitter Switch #3 -> F-15 -> WS500 brown ignition/enable wire`: sealed inline ATC/ATO holder, 3A fuse set, approx. 6-10 ft 16 AWG TXL/GXL wire, heatshrink terminals, and labels. Control-only path; not a high-current alternator conductor."
"177","Consumables","Loctite polyurethane window/door/siding sealant","18.00","purchase_record","2026-05-04","Purchased","Loctite polyurethane window/door/siding sealant, 10 oz tubes, qty 2 at $9/tube. Used for bed rail cap reinstallation/sealing after clips broke and for small beads at truck-bed corner air gaps to reduce dust/water ingress under the subfloor path."
"178","Consumables","Gorilla Waterproof Patch & Seal Tape (first roll)","14.00","purchase_record","2026-05-04","Purchased","First owner-recorded wide roll purchased and used for flooring/sealing work. Keep rivnut threads and structural bearing surfaces clear; rework only lifted edges or observed ingress paths."
"179","Consumables","Sikaflex-221 black polyurethane sealant","13.70","purchase_record","2026-05-16","Purchased","Purchased 2026-05-16 from Amazon: Sikaflex-221 multi-purpose polyurethane sealant/adhesive, black, 10.1 fl oz. Use as exterior perimeter/finish sealant for shore inlet and other compatible penetrations after mechanical fastening and butyl bedding where appropriate."
"180","Consumables","Butyl tape (black, 3/4 in x 30 ft)","12.74","purchase_record","2026-05-16","Purchased","Purchased 2026-05-16 from Amazon: Rvhouse black butyl tape, 3/4 in x 30 ft, non-hardening waterproof RV sealant tape. Use as bedding/gasket layer behind shore inlet flange and similar serviceable exterior hardware where suitable."
"181","Tools","Rhino USA rapid tire deflators with gauge","24.90","purchase_record","2026-05-16","Purchased","Purchased 2026-05-16 from Amazon: Rhino USA rapid tire deflators with 0-60 psi gauge, automatic/adjustable brass air-down tool. Vehicle/off-road support item; unrelated to AC system but included in the same purchase wave."
"182","Electrical","Littelfuse 20A/80V FKS/ATO fuses (3)","23.64","item_subtotal","2026-06-01","Purchased","Purchased 2026-06-01 from Mouser: three Littelfuse 166.7000.5202 20A/80VDC FKS/ATO fuses at $7.88 / $23.64 extended. Dead-end stock; final Orion input protection is a 40A MEGA rated at least 58VDC in Lynx Slot 4."
"183","Electrical","Victron MK3-USB interface","59.44","purchase_record","2026-05-27","Purchased","Purchased 2026-05-27 from Amazon: Victron Energy MK3-USB-C Interface, VE.Bus to USB-C cable for GX/device configuration. Needed before sustained/unattended shore charging is treated as commissioned; use to set/verify Dumfume LiFePO4 MultiPlus-II charger profile and leave DVCC disabled unless a documented BMS/GX path is added."
"184","Electrical","Victron VE.Direct cable, 5.90 ft","16.31","item_subtotal","2026-05-27","Purchased","Purchased 2026-05-27 from Amazon for SmartShunt-to-Cerbo monitoring, $16.31 item subtotal; ASIN B01CPWVTS2."
"185","Electrical","Short RJ45/VE.Bus patch cable","5.99","purchase_record","2026-05-27","Purchased","Purchased 2026-05-27 from Amazon: UGREEN 3 ft shielded RJ45/Ethernet patch cable for Cerbo VE.Bus to MultiPlus or MK3 service use. Installed system needs one straight-through RJ45 patch cable; a second short/spare service cable remains optional."
"186","Hardware","Countersunk neodymium cup magnets (10 pack)","12.34","item_subtotal","2026-05-27","Purchased","Purchased 2026-05-27 from Amazon: MIKEDE countersunk neodymium cup magnets, 10 pack, $12.34 item subtotal; ASIN B09ZV5K198. Prototype/light-accessory retention only, not road-load primary restraint."
"187","Plumbing","Gravity-fill vent hose and clamps","10.99","purchase_record","2026-05-27","Purchased","Purchased 2026-05-27 from Amazon: food-grade silicone tubing, 10mm ID (3/8 in) x 13mm OD (1/2 in), 10 ft, with stainless worm-gear hose clamps. Intended for measured gravity-fill vent nipple around 10mm OD main land / 11mm OD barb; dry-fit, clamp, leak-check, and verify vent flow before relying on it."
"188","Electrical","Victron 60A/80V MEGA fuse set","46.75","purchase_record","2026-05-30","Purchased","Purchased 2026-05-30 from Amazon: Victron 60A/80V MEGA fuse five-pack, part CIP138060020; ASIN B0F9PKDGWD. Allocate one to MPPT F-03 and one to Orion 12V-output F-07 if required; retain three spares. Quarantine the earlier misadvertised 60A batch. Do not use this rating for MultiPlus F-02, alternator F-04, or Orion 48V input."
"189","Interior","Camper audio source unit","150.00","planning_estimate","","Deferred","Kicker 46KMC2 marine media receiver/source unit. Bluetooth/USB/aux source for S11 Ultra tablet; 25W x4 at 4 ohm, 15A ATM fuse, 2.5V RCA line-out, remote amp turn-on output. Product: https://www.kicker.com/46KMC2. Implementation: docs/implementation/CAMPER_audio_system.md."
"190","Interior","Camper audio speaker pair","90.00","planning_estimate","","Deferred","Kicker CSC67 6.75 in coaxial speaker pair, 4 ohm class / 3.3 ohm DC resistance, 90 dB sensitivity, 40 Hz-20 kHz, about 2-1/16 in bottom-mount depth. Use one speaker per KMC2 front channel; do not parallel. Product: https://www.kicker.com/CSC67-Coaxial-Speakers-4-Ohm."
"191","Interior","Camper powered subwoofer","500.00","planning_estimate","","Deferred","Kicker 49PTRTP10 powered down-firing 10 in enclosure with built-in amp, 400W RMS at 14.4V, 25-120 Hz response, 6 in H x 25-5/8 in W x 13-1/4 in D, remote bass control included. Manual calls for 4 AWG power/ground and external 40A fuse. Product: https://www.kicker.com/PTRTP10."
"192","Hardware","Camper audio power wiring and fusing","170.00","planning_estimate","","Deferred","4 AWG tinned/OFC subwoofer power/return kit basis such as Kicker 47KMPK4 marine amp power kit (https://www.kicker.com/marine-amp-power-kits). Use 4 AWG positive and matching 4 AWG return from 12V junction/negative bus. Install/fit a 40A external fuse within about 18 in of the 12V source for PTRTP10; do not protect the PTRTP10 branch with the kit generic 100A fuse. KMC2 source branch uses separate 15A 12V fuse-panel branch plus KMC2 harness 15A ATM fuse."
"193","Hardware","Camper audio signal wiring and mounts","80.00","planning_estimate","","Deferred","RCA signal cable, 16 AWG marine speaker wire, 18 AWG remote turn-on, labels, loom, P-clamps/cable mounts, speaker baffles/pods as needed. Product bases: Kicker K-Series 2-channel RCA cable (https://www.kicker.com/2-channel-4-meter-rca-cable-k-series) and Kicker marine speaker wire (https://www.kicker.com/marine-speaker-wire). Final lengths wait for furniture mockup."
"194","Hardware","M4 screw assortment","9.99","purchase_record","2026-05-30","Purchased","Purchased 2026-05-30 from Amazon: Fgruh 480-piece M4 socket-head screw/nut/washer assortment, ASIN B0FGV8F6G7. Small fixture/electronics/prototype hardware stock."
"195","Vehicle","Hitch anti-rattle stabilizer","9.87","purchase_record","2026-05-28","Purchased","Purchased 2026-05-28 from Amazon: DEEAGLE hitch tightener anti-rattle stabilizer for 1.25 in to 2 in hitches, ASIN B0C3C4F22V. Vehicle/cargo accessory support."
"196","Tools","Ratcheting wrench set","28.99","purchase_record","2026-03-26","Purchased","Purchased 2026-03-26 from Amazon: DISEN 6-piece 90-tooth flex-head double-box ratcheting wrench set, ASIN B0CSMGXW6W. Build/tooling support."
"197","Tools","Offset extension wrench","26.99","purchase_record","2026-03-11","Purchased","Purchased 2026-03-11 from Amazon: coobeast 3/8 in offset extension wrench / socket wrench extender, ASIN B0DQSBYY9P. Build/tooling support."
"198","Vehicle","Recovery ring","25.99","purchase_record","2026-03-11","Purchased","Purchased 2026-03-11 from Amazon: ALL-TOP 66,000 lb recovery ring/snatch towing ring, ASIN B0BGR4VK7M. Recovery support accessory."
"199","Tools","Plug-in watt meter","11.99","purchase_record","2026-03-11","Purchased","Purchased 2026-03-11 from Amazon: plug-in watt/power meter for AC load testing, ASIN B09BQNYMMM. Useful for shore/AC appliance measurement."
"200","Tools","Cordless mini blower / air duster","99.99","purchase_record","2026-03-11","Purchased","Purchased 2026-03-11 from Amazon: WOLFBOX MF200 compressed air duster / mini blower, ASIN B0FPMPBSLL. Build cleanup/electronics support."
"201","Consumables","B’laster Surface Shield anti-rust spray","68.98","purchase_record","2026-01-22","Purchased","Purchased 2026-01-22 from Amazon: B’laster Surface Shield Black Series anti-rust spray, ASIN B0DJHFJ472. Vehicle/body rust-prevention consumable."
"202","Vehicle Electronics","Wolfbox G900 Tripro dash camera","331.35","item_subtotal","2026-01-17","Purchased","Purchased 2026-01-17 from Amazon: Wolfbox G900 Tripro bumper-version three-channel dash camera, $331.35 item subtotal; ASIN B0DY1GM6DR."
"203","Vehicle Electronics","OBDLink MX+ scanner","139.95","purchase_record","2026-01-17","Purchased","Purchased 2026-01-17 from Amazon: OBDLink MX+ OBD2 Bluetooth scanner, ASIN B07JFRFJG6. Vehicle diagnostics/commissioning support."
"204","Vehicle","Truck console/headrest organizer group","26.95","item_subtotal","2026-01-17","Purchased","Purchased 2026-01-17 from Amazon: console/headrest organizer products, $26.95 combined item subtotal; source ASINs B0FG23NXF1 and B0DB7YNQP4."
"205","Vehicle Electronics","Poetic TurtleSkin case for Galaxy Tab S11 Ultra","31.95","item_subtotal","2026-01-17","Purchased","Purchased 2026-01-17 from Amazon: Poetic TurtleSkin protective case for Samsung Galaxy Tab S11 Ultra, $31.95 item subtotal; ASIN B0G3FLQQX9."
"206","Vehicle","Secondary-alternator accessory belt test/spare","28.52","purchase_record","2026-06-12","Purchased","Purchased 2026-06-12 from Amazon: Gates K060885 Micro-V serpentine drive belt, 6-rib, approx. 88.46-88.5 in. Purpose: longer accessory/serpentine belt test and backcountry spare for Mechman dual-alternator 7.3L install; compare against Mechman-supplied 88.06 in belt and verify tensioner operating range, belt seating, and no squeal/walk before treating as primary running belt."
"207","Plumbing","FORIOUS galley faucet and soap dispenser","47.99","purchase_record","2026-06-24","Purchased","Purchased 2026-06-24 Prime Day from Amazon: FORIOUS black kitchen faucet with pull-out sprayer and soap dispenser, single-handle stainless fixture marketed for bar/RV/farmhouse/laundry/outdoor use. Current Hiatus use: galley cold-water-first faucet baseline; verify shank/nut/hose clearance against rear/top sink-zone extrusion before final rail lock."
"208","Plumbing","Galley sink (15 in x 15 in topmount)","179.00","item_subtotal","2026-06-24","Purchased","Purchased 2026-06-24 from Amazon: Sarlai 15 x 15 in topmount/workstation sink, black 16-gauge stainless, $179.00 item subtotal. Approximate interior basin is 11 x 13 in. Verify the actual cutout, rear/top extrusion clearance, faucet shank, and drain/graywater routing before final counter or frame cuts."
"209","Appliances","BougeRV rechargeable portable fan/light","49.99","purchase_record","2026-06-26","Purchased","Purchased 2026-06-26 owner-provided listing: BougeRV Portable Fan Rechargeable, 20000mAh battery powered fan with 4 wind speeds, hook, brighter light, LCD display, 270 degree rotatable, black. Portable/off-grid ventilation and task/emergency light; not hardwired into the 12V branch model unless later promoted."
"210","Vehicle","GlueTread full-size 4x4 sidewall tire repair kit","49.95","purchase_record","2026-06-26","Purchased","Purchased 2026-06-26 owner-provided listing: GlueTread Full-Size 4x4 Sidewall Tire Repair Kit for off-road 4x4 vehicles, improved rubber formula, no accelerator needed, 10 minute curing time. Vehicle/off-road emergency tire repair support; does not replace normal plug kit, compressor, spare, or professional tire replacement after sidewall damage."
"211","Vehicle Electronics","Morimoto XRGB Evo headlight package","1762.00","owner_estimate","","Planned","Planning candidate, not purchased. Owner-provided $1,762 package allowance includes Morimoto LF2-508R XRGB Evo LED headlights for 2020-2022 Super Duty and Lamin-X films. Verify 2021 F-350 factory-halogen fit, wiring, street-lighting compliance, and post-lift aim before purchase. Product: https://www.morimotohid.com/LF2-508R-20-22-Ford-Super-Duty-Morimoto-XRGB-Evo-Headlights."
"212","Plumbing","Fresh-water tank level sender (KUS SSS/SSL 14.5 in)","60.00","purchase_record","2026-07-12","Purchased","Purchased 2026-07-12: KUS SSS/SSL 14.5 in SAE five-hole fresh-water sender, 240-30 ohm, ASIN B00Y831WYI. Wire its black signal and pink return as one 18-22 AWG duplex run to a single Cerbo resistive tank-input pair; no chassis ground, 12V feed, parallel gauge, or GX Tank 140. Install with row 221 FLS-U under-ring through one 60 mm / 2 3/8 in opening made with row 239."
"213","Vehicle Electronics","Diode Dynamics SS5 Yellow Sport LED Pod Pair","500.00","owner_estimate","","Planned","Planning candidate, not purchased: Diode Dynamics SS5 Yellow Sport pod pair for the Expedition One 5 in bumper ports; owner estimate $500. Main beam: 3000K, 40W / about 2.8A per pod, preferably Driving or Combo, on Upfitter #2. Amber backlight defaults to a small fused/relayed parking-light feed; existing LP9s remain on Upfitter #1. Product: https://www.diodedynamics.com/ss5-yellow-sport-led-pod-pair.html."
"217","Hardware","Stainless spacer/compression sleeves (5/8 in)","5.00","purchase_record","2026-06-05","Purchased","Purchased qty 50 at $0.10 each: stainless sleeves approximately 0.585 in OD x 7/16 in ID x 5/8 in long. Active use is limited to measured under-plywood support at valley/EPS hardpoints where the gap fits. They are 1/8 in shorter than the 3/4 in plywood and are not universal through-plywood compression limiters; rib-high locations need no underfloor sleeve and angled rib-edge locations must be moved/retired or given a properly seated custom support."
"218","Plumbing","Tank-port PEX straight adapters (1/2 in MNPT x 1/2 in PEX)","7.84","item_subtotal","2026-07-16","Purchased","Purchased 2026-07-16 from Amazon: SharkBite UP120A5 poly crimp adapters, 1/2 in MNPT x 1/2 in PEX, pack of 5, $7.84 item subtotal, ASIN B0751719NT. Use for selected 1/2 in FNPT tank transitions and the camper-side hot-water service transitions counted in row 232. Do not count the accumulator's included white swivel hose-barb fittings as PEX-B adapters; the dedicated purchased accumulator swivel stock is in row 233."
"219","Plumbing","Gravity-fill tank elbow (1-1/2 in MNPT x 1-1/2 in barb)","13.33","item_subtotal","2026-07-16","Purchased","Purchased 2026-07-16 from Amazon: Banjo HB150-90 glass-reinforced polypropylene elbow, 1 1/2 in MNPT x 1 1/2 in hose barb, $13.33 item subtotal; ASIN B00AB5WOLM. It is not a reducer. Dry-fit orientation and hose fall before sealing. Banjo does not claim NSF 61 potable certification for this fitting line; retain that caveat if full documented certification becomes a requirement."
"220","Plumbing","Gravity-fill vent elbow (1/2 in MPT x 3/8 in barb)","12.97","item_subtotal","2026-07-16","Purchased","Purchased 2026-07-16 from Amazon: Green Leaf 1/2 in MPT x 3/8 in barb nylon 90-degree elbow, $12.97 item subtotal, ASIN B01A617FWI. Pair with the purchased 10 mm ID silicone vent hose and clamps in row 187; verify unrestricted rise/overflow path during dry fit."
"221","Plumbing","KUS FLS-U sender under-ring (SAE 5-hole C-ring)","28.81","purchase_record","2026-07-16","Purchased","Purchased 2026-07-16: KUS/Wema FLS-U stainless SAE five-hole sender under-ring, owner-reported $28.81 delivered. Installs inside the tank and provides threaded M5 holes. Follow the official method: one 60 mm / 2 3/8 in opening, preassemble sender/gasket/ring, tilt the ring through the opening, then tighten five screws into it. Do not drill five separate tank-top pilot holes."
"222","Hardware","FORRCKY 10-series heavy L-bracket kits (20 sets)","51.32","item_subtotal","2026-07-05","Purchased","Purchased 2026-06-05 from Amazon: two 10-set FORRCKY heavy L-bracket kits at $25.66 / $51.32 extended; ASIN B0BMLVPX97. Verify hole spacing and use the build-standard 1/4-20 hardware where compatible."
"223","Hardware","#4 x 3/8 in Phillips pan-head screws (100 pack)","3.99","item_subtotal","2026-06-02","Purchased","Purchased 2026-06-02 Amazon; Gmail verifies a $3.99 item subtotal and $4.28 checkout total. Small fixture/panel fastener stock; verify material, pilot-hole size, and substrate before use."
"224","Tools","BILITOOLS universal serpentine-belt tool set (15 piece)","30.99","item_subtotal","2026-06-08","Purchased","Purchased 2026-06-08 from Amazon: BILITOOLS 15-piece universal serpentine-belt/tensioner tool kit with ratcheting wrench, crowfoot wrenches, socket adapters, 19 mm and 7/8 in ratchet drives. Gmail verifies a $30.99 item subtotal and $33.24 checkout total. Supports dual-alternator belt fitment/service and roadside spare-belt work."
"225","Hardware","2 AWG copper butt splices and heat-shrink kit","17.99","item_subtotal","2026-06-09","Purchased","Purchased 2026-06-09 from Amazon: SVAAR 2 AWG non-insulated pure-copper seamless butt connectors, 8 pieces, with eight 3:1 heat-shrink sleeves. Gmail verifies a $17.99 item subtotal and $19.29 checkout total. Use only where an in-line splice is unavoidable and the selected crimper/die produces a verified pull-tight crimp; do not substitute for serviceable busbar/fuse terminations."
"226","Tools","Bates paint/mud mixer drill attachment","7.99","item_subtotal","2026-07-13","Purchased","Purchased 2026-07-13 from Amazon: Bates paint/mud mixer drill attachment, $7.99 item subtotal; ASIN B08TVQ52VF. The POWERTEC J-roller was consolidated into row 175."
"227","Tools","Drill-brush attachment set (8 piece)","12.99","item_subtotal","2026-07-07","Purchased","Purchased 2026-07-07 from Amazon: eight-piece drill-brush attachment set, $12.99 item subtotal."
"228","Hardware","July 18 Amazon hardware-checkout bridge","0.00","not_applicable","","Retired","Resolved from owner-provided Amazon order screenshots on 2026-07-20. The three-item checkout was $20.99 3M heavy-duty double-sided mounting tape, a $6.99 Sanuke 10-piece 4 AWG x 3/8 in/M10 copper-lug set with heat shrink, and a $13.93 TKDMR 10-piece 2/0 AWG x 5/16 in battery-lug set with heat shrink. Item subtotal was $41.91; $3.04 tax produced the $44.95 checkout total. Costs and inventory now live in rows 96, 37, and 35; retain this zero-dollar row only as the reconciliation bridge."
"229","Vehicle","Car sun-visor vanity mirror","7.99","item_subtotal","2026-07-19","Purchased","Purchased 2026-07-19 from Amazon: universal black strap-mounted car/truck/SUV sun-visor vanity mirror, $7.99 item subtotal, ASIN B0FQC8JQHS. Prior Gmail/screenshot evidence reconciled to an $8.57 checkout/shipped total including $0.58 tax. Truck-cab convenience accessory."
"230","Electrical","Standalone Orion input-fuse assembly","0.00","not_applicable","","Retired","Resolved without additional holder hardware. Final Orion 48V input protection is one 40A MEGA body-marked at least 58VDC in integrated Lynx Slot 4 feeding the existing 6 AWG input pair directly. Existing verified 58VDC stock is acceptable under the locked 56.8V charge ceiling; Victron CIP138040020 40A/80V is replacement fallback only. Standalone F-06, Mersen USM1/ATM20, DIN rail, MIDI, and FKS/ATO holder concepts are not installed."
"231","Plumbing","Direct-profile camper hot-water port prototype set","45.95","planning_estimate","","Planned","Allowance: one RAINPAL SSBF020 compact 304-stainless bulkhead two-pack at $15.95 plus $30.00 for two Melnor 15409 metal faucet adapters; exact 15409 price/stock remains unverified. Joolca documents Melnor QuickConnect compatibility, but fit-test the delivered pair before duplication. GARDENA 39004-G is the second metal test; Melnor 4MQC with the supplied double-male coupler is the plastic automatic-stop fallback; QD3 is premium fallback only."
"232","Plumbing","HOTTAP supplied shower-hose assembly","0.00","included","2026-07-26","Included","Included with HOTTAP Essentials purchased in row 72: one 5 m shower assembly split into 4 m and 1 m red hose sections, each with female QuickConnect sockets at both ends. Both are intended hot-side shower components; retain them together and use the 1 m section as a temporary cold-feed trial only. Verify actual inclusion and fittings on receipt."
"233","Plumbing","EFIELD faucet PEX-B adapters (2 pack)","10.83","item_subtotal","2026-07-25","Purchased","Purchased 2026-07-25 from Amazon: two 1/2 in PEX-B barb x 3/8 in OD compression male adapters for the FORIOUS faucet supply hoses, $10.83 item subtotal; ASIN B0C7QBNVG9. Connect faucet hose nuts directly to the male compression seats; no PTFE tape at those seats."
"234","Plumbing","Joolca permanent three-way hot splitter","0.00","not_applicable","","Retired","The final one-outlet-at-a-time hose architecture does not need a permanent splitter. Retain the included 4 m plus 1 m shower assembly and click the 4 m section from the HOTTAP outlet either to the shower handle/head or to camper RED. Add a genuine Joolca splitter only later if simultaneous ready-to-use shower and sink service proves worth the extra joints and drain volume."
"235","Plumbing","Camper BLUE/RED direct-port backing and caps","20.00","planning_estimate","","Planned","Allowance for one thin backed aluminum plate or two locally reinforced holes, compatible seals, BLUE/RED labels, and simple stretch caps. Lead prototype threads purchased UP120A5 adapters into 1/2 in FNPT / 3/4 in MGHT bulkheads, eliminating QD3 keys, reducers, rear hose barbs, short flex, and clamps. Legend T-805MNL PEX-B x MNPT valves are optional only if mockup earns replacing the separate valve/UP120 stacks. No large hatch or exterior box."
"236","Tools","Temporary plumbing pressure gauge/test adapter","20.00","planning_estimate","","Deferred","Optional pump/accumulator setup tool only. If later used, build the temporary test connection around the final PEX or compact bulkhead interface rather than a retired QD3 key or Sea-Dog port."
"237","Appliances","HOTTAP ignition batteries","0.00","included","2026-07-26","Included","Included-equipment basis tied to the HOTTAP V2 purchased in row 72. Joolca states that two D-cell batteries power ignition and the LED monitor; verify the supplied cells on receipt before deciding whether to carry a spare pair."
"238","Tools","Propane leak-detection solution","10.00","planning_estimate","","Planned","Camco 10324 8 oz gas leak-detector spray, Amazon ASIN B000EDUTMC. Use on the disturbed QCC1/regulator connection at setup and after any LP service; bubbles indicate a leak. This complements, not replaces, the planned listed CO/propane alarm and accessible extinguisher."
"239","Tools","KUS sender 2-3/8 in (60 mm) hole saw","7.80","item_subtotal","2026-07-24","Purchased","Purchased 2026-07-24 from Amazon: HSS bi-metal 2-3/8 in / 60 mm hole saw for wood and plastic, $7.80 item subtotal, ASIN B0C8JMH91Q. This is the exact opening size required by the selected KUS FLS-U under-ring method. Acquisition does not clear the cut: freeze the tank port/sender map, confirm flat unobstructed tank geometry, preassemble the sender/gasket/C-ring, capture chips, and drill no five separate pilot holes."
"240","Vehicle","Super Duty spare-tire jack extension/lug-wrench tool kit","58.29","item_subtotal","2026-07-25","Purchased","Purchased 2026-07-25 from Amazon: Dr.Roc spare-tire hoist extension and lug-wrench kit for 2008-2022 Super Duty with 2-ton jack, $58.29 item subtotal; ASIN B0GHRQ27J6. Before travel, verify the assembled extension operates the 2021 F-350 hoist, the socket fits installed lug nuts, and the kit stows with the jack. Use a suitable torque wrench for final lug torque."
"241","Vehicle","Truck-cab magnetic gun mount","9.99","purchase_record","2026-05-27","Purchased","Purchased 2026-05-27 from Amazon: TFNUO magnetic gun mount with trigger-guard protection, listed 15 lb maximum holding force, ASIN B0D53MGWSF. Owner-confirmed retained as an F-350/travel accessory. Exact installed location and retention remain an owner decision; do not treat the listing's static holding-force claim as crash-rated retention."
"242","Hardware","4 AWG copper lugs, M10 / 3/8 in (10 pack)","6.99","purchase_record","2026-07-18","Purchased","Purchased 2026-07-18 from Amazon: Sanuke 4 AWG copper lugs with heat-shrink, M10 / 3/8 in, 10 pack; ASIN B092ZN6TGP. Split from legacy row 37."
"243","Hardware","1/4 in stainless fender washers","6.89","item_subtotal","2026-05-31","Purchased","Purchased from Amazon by 2026-05-31: 1/4 in stainless fender-washer stock, $6.89 item subtotal. Split from legacy row 46."
"244","Hardware","1/4 in stainless flat washers","13.97","purchase_record","2026-07-05","Purchased","Purchased from Amazon: original flat-washer stock $7.98 plus a 50-piece Busieea repeat pack on 2026-07-05 for $5.99. Split from legacy row 46."
"245","Hardware","1/4-20 x 1 in flat-head socket screws","16.38","item_subtotal","2026-05-31","Purchased","Purchased from Amazon by 2026-05-31: two packs at $8.19 each / $16.38 extended. Split from legacy row 46."
"246","Hardware","1/4-20 x 1-1/4 in flat-head socket screws","26.97","item_subtotal","2026-05-31","Purchased","Purchased from Amazon by 2026-05-31: three packs at $8.99 each / $26.97 extended. Split from legacy row 46."
"247","Hardware","1/4-20 x 1-1/2 in flat-head socket screws","9.19","item_subtotal","2026-05-31","Purchased","Purchased from Amazon by 2026-05-31: one pack, $9.19 item subtotal. Split from legacy row 46."
"248","Hardware","1/4-20 x 2 in flat-head socket screws","9.49","purchase_record","2026-07-12","Purchased","Purchased 2026-07-12 from Amazon: black-oxide 304 stainless, 15 pack, $9.49; ASIN B0D6LWGC8X. Split from legacy row 46."
"249","Hardware","1/4-20 x 2-1/2 in flat-head socket screws","7.99","purchase_record","2026-07-12","Purchased","Purchased 2026-07-12 from Amazon: black-oxide 304 stainless, 10 pack, $7.99; ASIN B0D6LW16SD. Split from legacy row 46."
"250","Hardware","Heavy-duty 18 in zip ties (120 pack)","13.49","purchase_record","2026-06-17","Purchased","Purchased 2026-06-17 from Amazon: SKALON 18 in heavy-duty black cable ties, 120 pack; 220 lb listed tensile strength. Split from legacy row 49."
"251","Consumables","Nelko P21 replacement labels (14 x 40 mm)","7.59","item_subtotal","2026-06-24","Purchased","Purchased 2026-06-24 from Amazon: genuine Nelko P21 replacement label roll, $7.59 item subtotal; ASIN B0C6S33175. Split from legacy row 52."
"252","Interior","Ninja-compatible bamboo cutting-board topper","20.99","item_subtotal","2026-06-24","Purchased","Purchased 2026-06-24 from Amazon: GWYXC bamboo cutting-board/topper for Ninja SP101/SP151, $20.99 item subtotal. Split from legacy row 68."
"253","Tools","Flexible tape measure (60 in)","3.69","item_subtotal","2026-06-24","Purchased","Purchased 2026-06-24 from Amazon: GDMINLO 60 in flexible tape measure, $3.69 item subtotal. Split from legacy row 68."
"254","Consumables","Amazon Basics parchment-paper roll (15 in)","5.47","item_subtotal","2026-06-24","Purchased","Purchased 2026-06-24 from Amazon: 15 in parchment-paper roll, $5.47 item subtotal. Split from legacy row 68. The original row included $6.09 of order tax, now excluded from BOM item costs."
"255","Hardware","Joolca HOTTAP V2 mount cover","95.00","item_subtotal","2026-07-26","Purchased","Owner-confirmed purchase 2026-07-26: one HOTTAP V2 Mount Cover, $95.00 item subtotal. Use for weather/travel protection on the exterior-mounted HOTTAP; verify bracket compatibility, receipt condition, and the manual's cover-removal/opening requirements before operation."
"256","Hardware","Remaining propane-setup mounting and vent hardware allowance","62.01","planning_estimate","","Planned","Remainder from the former $80.00 allowance after the $17.99 bracket-and-strap purchase moved to row 334. Covers any additional mounting, backing, or vent hardware needed after the complete rear-box propane setup is dry-fit."
"257","Plumbing","SEAFLO inline pump strainer","10.99","item_subtotal","2026-04-07","Purchased","Purchased 2026-04-07 from Amazon: SEAFLO inline water-pump strainer, $10.99 item subtotal; ASIN B08WM2KX5Q. Split from legacy row 74. Preserve bowl service clearance."
"258","Plumbing","SEAFLO water-system accumulator","35.99","item_subtotal","2026-04-07","Purchased","Purchased 2026-04-07 from Amazon: SEAFLO accumulator tank, $35.99 item subtotal; ASIN B01MUYL8F8. Split from legacy row 74. Set precharge from measured system pressure."
"259","Plumbing","BobbleT drinking-water hose (1 ft)","9.49","item_subtotal","2026-04-07","Purchased","Purchased 2026-04-07 from Amazon: BobbleT 1 ft drinking-water hose, $9.49 item subtotal; ASIN B0G4VPNSND. Split from legacy row 75."
"260","Plumbing","F.S.P 1-1/2 in gravity-fill hose","23.99","item_subtotal","2026-04-07","Purchased","Purchased 2026-04-07 from Amazon: F.S.P 1-1/2 in fill hose, $23.99 item subtotal; ASIN B09ZLVQPFR. Split from legacy row 78."
"261","Plumbing","G-Sunny stainless tank filler/shutoff valve","22.68","item_subtotal","2026-04-07","Purchased","Purchased 2026-04-07 from Amazon: G-Sunny stainless tank filler/shutoff valve, $22.68 item subtotal; ASIN B0GKG4DW72. Split from legacy row 78."
"262","Plumbing","DERNORD 1/2 in ID clear vinyl hose","11.59","item_subtotal","2026-04-07","Purchased","Purchased 2026-04-07 from Amazon: DERNORD 1/2 in ID clear vinyl hose, $11.59 item subtotal; ASIN B09KRB2YFJ. Split from legacy row 78. Too loose for the measured vent nipple; row 187 is the active vent-hose choice."
"263","Hardware","TNUTZ 1/4-20 economy T-nuts (600)","96.00","purchase_record","2026-06-05","Purchased","ET-010-1/4-20 economy T-nut stock, 600 pieces at $0.16. Split from legacy row 89."
"264","Hardware","TNUTZ four-hole inside corner gussets (8)","38.40","purchase_record","2026-06-05","Purchased","CB-010-K four-hole inside corner gussets, 8 at $4.80. Split from legacy row 89."
"265","Hardware","TNUTZ three-hole slotted corner brackets (20)","72.00","purchase_record","2026-06-05","Purchased","CBS-010-B three-hole slotted inside corner brackets, 20 at $3.60. Split from legacy row 89."
"266","Interior","6063 aluminum angle stock, 1 x 1 x 1/8 x 94 in (6)","53.76","item_subtotal","2026-06-05","Purchased","Six sticks at $8.96 / $53.76 extended. Split from legacy row 89; use for custom tabs, stops, and panel brackets."
"267","Hardware","Aluminum angle-gusset profile, 6 in (7)","20.65","purchase_record","2026-06-05","Purchased","Liquidation 1/4 in aluminum angle-gusset profile, seven 6 in pieces at $2.95. Split from legacy row 89."
"268","Hardware","TNUTZ hidden 45-degree corner connectors (4)","7.00","purchase_record","2026-06-05","Purchased","HC-010-B hidden 45-degree connector samples, four at $1.75. Split from legacy row 89; not the primary load-joint strategy."
"269","Hardware","TNUTZ double economy T-nuts (8)","3.92","purchase_record","2026-06-05","Purchased","ETD-010 double economy T-nuts, eight at $0.49. Split from legacy row 89."
"270","Tools","TNUTZ 1/4-20 special tap","10.00","purchase_record","2026-06-05","Purchased","One 1/4-20 special tap for 10-series tapped-end work. Split from legacy row 89."
"271","Tools","TNUTZ 1020 access-hole drill jig and #7 bit","36.85","purchase_record","2026-06-05","Purchased","JIG-010-A access-hole drill jig for EX-1020 with #7 bit. Split from legacy row 89."
"272","Hardware","TNUTZ blank end-fastener assemblies (25)","23.75","purchase_record","2026-06-05","Purchased","EF-010-1/4-20 blank end-fastener assemblies, 25 at $0.95. Split from legacy row 89."
"273","Interior","TNUTZ gray slot cover, 78 in (4)","5.60","purchase_record","2026-06-05","Purchased","COVER-010-GRY slot cover, four 78 in lengths at $1.40. Split from legacy row 89."
"274","Interior","TNUTZ black slot cover, 78 in (6)","8.40","purchase_record","2026-06-05","Purchased","COVER-010-BLK slot cover, six 78 in lengths at $1.40. Split from legacy row 89."
"275","Hardware","TNUTZ nylon cable-tie mounts (25)","18.75","purchase_record","2026-06-05","Purchased","AC-010-B nylon cable-tie mounts with hardware, 25 at $0.75. Split from legacy row 89."
"276","Interior","TNUTZ rubber tread strip (12 ft)","13.80","purchase_record","2026-06-05","Purchased","BUM-010-TS rubber tread/anti-rattle strip, 12 ft at $1.15. Split from legacy row 89."
"277","Interior","TNUTZ economy panel gasket (30 ft)","9.00","purchase_record","2026-06-05","Purchased","GAS-010-A economy panel gasket, 30 ft at $0.30. Split from legacy row 89."
"278","Interior","TNUTZ EX-1020 extrusion, 94 in (1 stick)","39.98","purchase_record","2026-06-05","Purchased","One EX-1020 1 x 2 x 94 in stick for the monitor spine or other high-rigidity member. Split from legacy row 89."
"279","Hardware","TNUTZ pen-holder and spacer accessories","8.20","purchase_record","2026-06-05","Purchased","Residual item-subtotal allocation for minor pen-holder/spacer accessories listed in the final TNUTZ order. Split from legacy row 89."
"280","Services","TNUTZ shipping and packaging","384.23","order_remainder","2026-06-05","Purchased","Order-level cost: $364.23 UPS Ground shipping plus $20.00 packaging. Split from legacy row 89 so component rows retain item-subtotal pricing."
"281","Electrical","Camco 15A-to-30A dogbone adapter","11.19","item_subtotal","2026-05-16","Purchased","Purchased 2026-05-16 from Amazon: Camco 55165 15A male to 30A female dogbone adapter, $11.19 item subtotal; ASIN B000BUU5YA. Split from legacy row 108. Limit MultiPlus input to 15A or less when used."
"282","Hardware","Costop magnetic cord organizers (8 pack)","7.99","item_subtotal","2026-02-24","Purchased","Purchased 2026-02-24 from Amazon: Costop magnetic adhesive cord-organizer holders, 8 pack, $7.99 item subtotal; ASIN B0CBRK59J7. Split from legacy row 130."
"283","Vehicle Electronics","RAM arm and ball-mount hardware","20.00","purchase_record","2026-03-18","Purchased","Owner-provided purchased-cost allocation of approximately $20 for RAM arm/mount hardware. Split from legacy row 166."
"284","Vehicle Electronics","BuiltRight dash mount","75.00","purchase_record","2026-03-18","Purchased","Owner-provided purchased-cost allocation of approximately $75 for the BuiltRight dash mount. Split from legacy row 166."
"285","Consumables","Gorilla Waterproof Patch & Seal Tape (second roll)","14.00","owner_estimate","","Planned","Second matching wide roll from the original two-roll scope. Split from legacy row 178 so purchased and planned quantities do not share one lifecycle status."
"286","Electrical","Victron VE.Direct cable, 2.95 ft","16.13","item_subtotal","2026-05-27","Purchased","Purchased 2026-05-27 from Amazon for MPPT-to-Cerbo or final short board routing, $16.13 item subtotal; ASIN B01F9ESFZS. Split from legacy row 184."
"287","Hardware","Steel weld tabs/brackets (30 piece set)","16.99","item_subtotal","2026-05-27","Purchased","Purchased 2026-05-27 from Amazon: steel weld-tab/bracket set, 30 pieces, $16.99 item subtotal; ASIN B0FLX87Q7M. Split from legacy row 186."
"288","Vehicle Electronics","Wolfbox OEM mirror-mount bracket","22.38","item_subtotal","2026-01-17","Purchased","Purchased 2026-01-17 from Amazon: Wolfbox OEM bracket, $22.38 item subtotal; ASIN B0BN31MBZP. Split from legacy row 202."
"289","Vehicle Electronics","Wolfbox USB-C hardwire kit","28.99","item_subtotal","2026-01-22","Purchased","Purchased 2026-01-22 from Amazon: Wolfbox 4A USB-C hardwire kit with battery-discharge protection, $28.99 item subtotal; ASIN B0DY1DZDN6. Split from legacy row 202."
"290","Vehicle Electronics","Wolfbox rear-camera extension cable (33 ft)","26.99","item_subtotal","2026-01-22","Purchased","Purchased 2026-01-22 from Amazon: Wolfbox 33 ft rear-camera extension cable, $26.99 item subtotal; ASIN B0DY1N5QRV. Split from legacy row 202; verify exact camera-variant compatibility before install."
"291","Vehicle","Tailgate upper rubber bumpers","15.99","item_subtotal","2026-01-17","Purchased","Purchased 2026-01-17 from Amazon: tailgate upper rubber-bumper set, $15.99 item subtotal; ASIN B0CWYTY1D4. Split from legacy row 204."
"292","Vehicle","RAM-compatible 1 in ball and mount hardware","32.27","item_subtotal","2026-01-17","Purchased","Purchased 2026-01-17 from Amazon: RAM-compatible 1 in ball/mount components, $32.27 combined item subtotal; source ASINs B0DM83MXH4 and B0C77R7MXQ. Split from legacy row 204."
"293","Vehicle","Magnetic phone holders (2)","29.96","item_subtotal","2026-01-17","Purchased","Purchased 2026-01-17 from Amazon: two magnetic phone holders at $14.98 each / $29.96 extended; ASIN B09ZH48Z3T. Split from legacy row 204."
"294","Vehicle Electronics","Mothca matte screen protector for Galaxy Tab S11 Ultra","17.99","item_subtotal","2026-01-17","Purchased","Purchased 2026-01-17 from Amazon: Mothca matte tempered-glass screen protector, $17.99 item subtotal; ASIN B0FRFW5PKH. Split from legacy row 205."
"295","Hardware","FORRCKY 10-series 90-degree bracket kits (100 sets)","108.30","purchase_record","2026-07-05","Purchased","Purchased as four 20-set packs on 2026-06-05 plus one repeat pack on 2026-07-05, all at $21.66; ASIN B0B8H43B8X. Split from legacy row 222."
"296","Hardware","BLCCLOY 10-series L-corner bracket kit (10 sets)","28.99","purchase_record","2026-06-05","Purchased","Purchased 2026-06-05 from Amazon; ASIN B0FXXSBM7M. Split from legacy row 222; use compatible 1/4-20 hardware after fit verification."
"297","Hardware","Abeicy 1/4-20 roll-in spring T-nuts (200)","55.98","item_subtotal","2026-06-05","Purchased","Purchased 2026-06-05 from Amazon: two 100-count packs at $27.99 / $55.98 extended; ASIN B0CQJC7KV9. Split from legacy row 222."
"298","Interior","Stainless piano hinges, 16 in (4)","23.99","purchase_record","2026-06-05","Purchased","Purchased 2026-06-05 from Amazon: four-pack of 16 in hinges; ASIN B09KGNX594. Split from legacy row 222. Use a true continuous hinge if final lid geometry requires one."
"299","Electrical","DMWD rocker switches (5)","9.99","purchase_record","2026-06-05","Purchased","Purchased 2026-06-05 from Amazon: five 30A/12VDC, 20A/120VAC rocker switches; ASIN B0C4F88ZTX. Split from legacy row 222. Listing/voltage verification is required before permanent use."
"300","Interior","Self-adhesive rubber edge trim","22.99","purchase_record","2026-06-05","Purchased","Purchased 2026-06-05 from Amazon; ASIN B0BR9DRQNW. Split from legacy row 222."
"301","Electrical","RVSPARK USB-C outlets (2 pack)","39.99","purchase_record","2026-06-05","Purchased","Purchased 2026-06-05 from Amazon: 65W/20W USB-C outlet pair; ASIN B0GGZ18BFK. Split from legacy row 222."
"302","Tools","9/32 in drill-bit stock","11.99","purchase_record","2026-06-05","Purchased","Purchased 2026-06-05 from Amazon: Narwhal 9/32 in drill bits; ASIN B0DPGKMJVS. Split from legacy row 222."
"303","Hardware","Abeicy two-hole inside-corner brackets (50)","39.98","item_subtotal","2026-06-05","Purchased","Purchased 2026-06-05 from Amazon: two 25-count packs at $19.99 / $39.98 extended; ASIN B0DHVHVLRK. Split from legacy row 222."
"304","Hardware","10-series internal L connectors (12 sets)","16.99","purchase_record","2026-06-05","Purchased","Purchased 2026-06-05 from Amazon; ASIN B0D9X4D46M. Split from legacy row 222; treat as light/hidden connectors, not the primary critical load path."
"305","Hardware","MUKCHAP 6061 flat bar, 3/16 x 1 x 12 in (15)","22.99","purchase_record","2026-06-05","Purchased","Purchased 2026-06-05 from Amazon: 15-piece flat-bar pack; ASIN B0D4DNFLWN. Split from legacy row 222."
"306","Hardware","ZEONHAK 6061 flat bar, 3/16 x 1 x 12 in (10)","18.79","purchase_record","2026-06-05","Purchased","Purchased 2026-06-05 from Amazon: 10-piece flat-bar pack; ASIN B0C3QQB753. Split from legacy row 222."
"307","Hardware","BNUOK 1/4-20 x 1/2 in low-profile screws (800)","93.52","item_subtotal","2026-06-05","Purchased","Purchased 2026-06-05 from Amazon: eight 100-count packs at $11.69 / $93.52 extended; ASIN B0DG2CK7YL. Split from legacy row 222. Verify head bearing and socket engagement before bulk use."
"308","Hardware","BLCCLOY 10-series T-corner bracket kit (10 sets)","28.99","purchase_record","2026-06-05","Purchased","Purchased 2026-06-05 from Amazon; ASIN B0GG8PD1QT. Split from legacy row 222; use compatible 1/4-20 hardware after fit verification."
"309","Interior","Apexstone 100N gas struts (4)","14.99","purchase_record","2026-06-05","Purchased","Purchased 2026-06-05 from Amazon: four 100N gas struts; ASIN B01AHHCHBK. Split from legacy row 222. Final use requires lid geometry and force validation."
"310","Interior","Ergounion VESA laptop tray","29.99","purchase_record","2026-06-05","Purchased","Purchased 2026-06-05 from Amazon; ASIN B0CCNBCYV5. Split from legacy row 222. Parked-use only until positive travel restraint exists."
"311","Electrical","WEBANG 20A non-GFCI receptacles (10 pack)","23.99","purchase_record","2026-06-05","Purchased","Purchased 2026-06-05 from Amazon; ASIN B0C9DF8X7B. Split from legacy row 222. Inventory only; not approved for permanent AC installation under the current two-GFCI plan."
"312","Interior","JSIWOTH TPE edge trim (16.4 ft)","9.99","purchase_record","2026-06-05","Purchased","Purchased 2026-06-05 from Amazon; ASIN B0CWQCPFSB. Split from legacy row 222."
"313","Electrical","Desktop power grommet with 100W USB-C and five AC outlets","64.99","purchase_record","2026-06-05","Purchased","Purchased 2026-06-05 from Amazon; ASIN B0FPCBFP4Y. Split from legacy row 222. Inventory only pending permanent AC enclosure, GFCI, strain-relief, and listing review."
"314","Interior","Birch veneer edge banding (50 ft)","10.99","purchase_record","2026-06-05","Purchased","Purchased 2026-06-05 from Amazon; ASIN B0D3XKX531. Split from legacy row 222."
"315","Tools","1/4-20 tap and #7 drill-bit set","11.99","purchase_record","2026-06-05","Purchased","Purchased 2026-06-05 from Amazon; ASIN B0FK2WMM3R. Split from legacy row 222."
"316","Hardware","10-series four-hole joining plates (10)","32.50","purchase_record","2026-06-05","Purchased","Purchased 2026-06-05 from Amazon; ASIN B0F31S7LB2. Split from legacy row 222."
"318","Tools","Truck/RV wash-brush kit (62 in)","24.69","item_subtotal","2026-07-07","Purchased","Purchased 2026-07-07 from Amazon: 62 in wash-brush kit with mitt, spare chenille head, squeegee, detail brushes, and towel; $24.69 item subtotal; ASIN B0CY9NB8VS. Split from legacy row 227."
"319","Plumbing","YVSKM female-NPT swivel PEX-B adapters (4 pack)","11.99","item_subtotal","2026-07-25","Purchased","Purchased 2026-07-25 from Amazon: four 1/2 in PEX-B barb x 1/2 in female-NPT swivel adapters, $11.99 item subtotal; ASIN B0FDFM97HP. Split from legacy row 233. Use one at the accumulator and retain three as stock; verify gasket, markings, and pressure fit."
"320","Electrical","WS500 voltage-sense fuse and holder (F-13)","15.00","planning_estimate","","Planned","Planning allowance for the separate 3A positive voltage-sense fuse and holder. Voltage rating must cover actual maximum 48V-bank/alternator voltage. Split from legacy row 171."
"321","Hardware","Littelfuse FKS/ATO fuse housings (3)","4.53","item_subtotal","2026-06-01","Purchased","Purchased 2026-06-01 from Mouser: three Littelfuse 178.6150.0001 empty housings at $1.51 / $4.53 extended. Dead-end stock; no standalone Orion holder is installed. Split from legacy row 182."
"322","Services","Mouser shipping/tax remainder for Orion fuse stock","10.62","order_remainder","2026-06-01","Purchased","Order-level remainder between the $28.17 parts subtotal and $38.79 order total. Split from legacy row 182 so fuse and housing rows retain item pricing."
"323","Electrical","40A/58V MEGA candidate fuse stock (6)","13.28","item_subtotal","2026-02-17","Purchased","Purchased as low-cost 40A/58V MEGA candidate stock in the former mixed row 10 batch. Verify body markings before use; Orion input requires one 40A MEGA marked at least 58VDC in Lynx Slot 4, with Victron CIP138040020 as fallback."
"324","Electrical","Misadvertised 60A MEGA fuse stock (6)","9.98","item_subtotal","2026-02-17","Retired","Purchased in the former mixed row 10 batch but quarantined after the advertised rating proved unsuitable. Do not use this stock on active 48V circuits; active verified 60A/80V stock is row 188."
"325","Hardware","BOJACK 150A AMI/MIDI fuse-holder pack (2)","12.99","item_subtotal","2026-02-23","Retired","Purchased for the obsolete Sterling 12V alternator-charger input path. Retain only as dead-end 12V stock; do not use for active 48V protection without separate voltage and form-factor validation."
"326","Hardware","Littelfuse 04980921GXM5 MIDI fuse holder","17.37","item_subtotal","2026-02-23","Retired","Purchased for the retired standalone Orion F-06 concept. The active Orion 48V input uses the integrated Lynx Slot 4 holder and one verified 40A MEGA, so this holder is dead-end stock."
"327","Electrical","AC-out main breaker (DIN UL489 30A)","22.99","item_subtotal","2026-05-16","Purchased","Purchased 2026-05-16 from Amazon as the second ControlGear CGMB1C30 breaker from the two-unit purchase recorded with row 13. This line owns the AC-out main ahead of the two active 20A branches."
"328","Hardware","2/0 AWG x M8 / 5/16 in lugs, repeat stock (10 pack)","13.93","item_subtotal","2026-07-18","Purchased","Repeat purchase on 2026-07-18 of the same TKDMR 2/0 AWG x M8 / 5/16 in lug set tracked in row 35, 10 pack with heat shrink at $13.93 item subtotal. Reconcile loose stock against completed harnesses before buying more."
"329","Plumbing","Second RecPro 30 in braided potable-water hose","14.95","item_subtotal","2026-04-07","Purchased","Second hose from the two-unit RecPro purchase recorded with row 84 at $14.95 each. Retain as spare or allocate only after the pump/accumulator mockup proves another short double-FIP hose is useful."
"330","Electrical","AC branch 2 breaker (DIN UL489 20A)","22.99","item_subtotal","2026-05-16","Purchased","Purchased 2026-05-16 from Amazon as the second ControlGear CGMB1C20 breaker from the two-unit purchase recorded with row 110. This line owns AC-out branch 2, with GFCI protection at its first receptacle."
"331","Electrical","Second 12V USB-C PD station","","unknown","","Planned","Conditional second office/galley charging station. Purchase only if the final layout still needs a second dedicated 12V-fed station after the row 115 Acegoo unit passes bench validation and Orion headroom is rechecked."
"332","Hardware","Safoner aluminum propane-hose pass-through hatch","26.99","item_subtotal","2026-07-26","Purchased","Owner-confirmed purchase 2026-07-26: one black Safoner aluminum cable pass-through hatch for a 3.5 in opening, $26.99 item subtotal. Used as a neat propane-hose pass-through through the rear box."
"333","Interior","AWW foldable outdoor shower mat","29.99","item_subtotal","2026-07-26","Purchased","Owner-confirmed purchase 2026-07-26: one grey AWW foldable quick-dry diatomaceous-earth outdoor shower mat with non-slip under-mat, 23.6 x 15.5 in, $29.99 item subtotal."
"334","Hardware","Wall-mounted cylinder bracket and 59 in strap set (2 pack)","17.99","item_subtotal","2026-07-26","Purchased","Owner-confirmed purchase 2026-07-26: one orange two-pack of 4-12 in cylinder wall brackets with 59 in straps, $17.99 item subtotal. Part of the rear-box propane setup."
"335","Plumbing","Dedicated HOTTAP cold-feed leader (approximately 30 in)","35.00","planning_estimate","","Planned","Allowance for an approximately 30 in potable-rated 3/4 in F-GHT x M-GHT leader plus Melnor 9MQC and 8MQC water-stop female sockets. This preserves the supplied 4 m plus 1 m red shower assembly and gives Joolca/Melnor-profile female sockets at both cold-leader ends. Use a rated factory or professionally assembled hose; fit-, flow-, pressure-, pull-, and drain-test it. Do not cut/reterminate a supplied Joolca hose without manufacturer instructions."
